 ⨯ Error: Cannot find module './193.js'
Require stack:
- C:\Users\ujaan\Documents\GitHub\frammer-ai-analytics-platform\apps\web\.next\server\webpack-runtime.js
- C:\Users\ujaan\Documents\GitHub\frammer-ai-analytics-platform\apps\web\.next\server\app\api\analytics\widget-data\route.js
- C:\Users\ujaan\Documents\GitHub\frammer-ai-analytics-platform\node_modules\next\dist\server\require.js
- C:\Users\ujaan\Documents\GitHub\frammer-ai-analytics-platform\node_modules\next\dist\server\load-components.js
- C:\Users\ujaan\Documents\GitHub\frammer-ai-analytics-platform\node_modules\next\dist\build\utils.js
- C:\Users\ujaan\Documents\GitHub\frammer-ai-analytics-platform\node_modules\next\dist\server\dev\hot-middleware.js
- C:\Users\ujaan\Documents\GitHub\frammer-ai-analytics-platform\node_modules\next\dist\server\dev\hot-reloader-webpack.js
- C:\Users\ujaan\Documents\GitHub\frammer-ai-analytics-platform\node_modules\next\dist\server\lib\router-utils\setup-dev-bundler.js
- C:\Users\ujaan\Documents\GitHub\frammer-ai-analytics-platform\node_modules\next\dist\server\lib\router-server.js
- C:\Users\ujaan\Documents\GitHub\frammer-ai-analytics-platform\node_modules\next\dist\server\lib\start-server.js
    at Module.<anonymous> (node:internal/modules/cjs/loader:1500:15)
    at C:\Users\ujaan\Documents\GitHub\frammer-ai-analytics-platform\node_modules\next\dist\server\require-hook.js:55:36
    at wrapResolveFilename (node:internal/modules/cjs/loader:1071:27)
    at defaultResolveImplForCJSLoading (node:internal/modules/cjs/loader:1095:10)
    at resolveForCJSWithHooks (node:internal/modules/cjs/loader:1116:12)
    at Module._load (node:internal/modules/cjs/loader:1285:25)
    at wrapModuleLoad (node:internal/modules/cjs/loader:255:19)
    at Module.<anonymous> (node:internal/modules/cjs/loader:1600:12)
    at mod.require (C:\Users\ujaan\Documents\GitHub\frammer-ai-analytics-platform\node_modules\next\dist\server\require-hook.js:65:28)
    at require (node:internal/modules/helpers:153:16)
    at __webpack_require__.f.require (C:\Users\ujaan\Documents\GitHub\frammer-ai-analytics-platform\apps\web\.next\server\webpack-runtime.js:208:28)
    at C:\Users\ujaan\Documents\GitHub\frammer-ai-analytics-platform\apps\web\.next\server\webpack-runtime.js:116:40
    at Array.reduce (<anonymous>)
    at __webpack_require__.e (C:\Users\ujaan\Documents\GitHub\frammer-ai-analytics-platform\apps\web\.next\server\webpack-runtime.js:115:67)
    at Array.map (<anonymous>)
    at __webpack_require__.X (C:\Users\ujaan\Documents\GitHub\frammer-ai-analytics-platform\apps\web\.next\server\webpack-runtime.js:167:22)
    at C:\Users\ujaan\Documents\GitHub\frammer-ai-analytics-platform\apps\web\.next\server\app\api\analytics\warehouse\query\route.js:1:2096
    at Object.<anonymous> (C:\Users\ujaan\Documents\GitHub\frammer-ai-analytics-platform\apps\web\.next\server\app\api\analytics\warehouse\query\route.js:1:2142)
    at Module._compile (node:internal/modules/cjs/loader:1854:14)
    at Object..js (node:internal/modules/cjs/loader:1985:10)
    at Module.load (node:internal/modules/cjs/loader:1577:32)
    at Module._load (node:internal/modules/cjs/loader:1379:12)
    at wrapModuleLoad (node:internal/modules/cjs/loader:255:19)
    at Module.<anonymous> (node:internal/modules/cjs/loader:1600:12)
    at mod.require (C:\Users\ujaan\Documents\GitHub\frammer-ai-analytics-platform\node_modules\next\dist\server\require-hook.js:65:28)
    at require (node:internal/modules/helpers:153:16)
    at requirePage (C:\Users\ujaan\Documents\GitHub\frammer-ai-analytics-platform\node_modules\next\dist\server\require.js:109:84)
    at C:\Users\ujaan\Documents\GitHub\frammer-ai-analytics-platform\node_modules\next\dist\server\load-components.js:98:84
    at async loadComponentsImpl (C:\Users\ujaan\Documents\GitHub\frammer-ai-analytics-platform\node_modules\next\dist\server\load-components.js:98:26)
    at async DevServer.findPageComponentsImpl (C:\Users\ujaan\Documents\GitHub\frammer-ai-analytics-platform\node_modules\next\dist\server\next-server.js:709:36)
    at async DevServer.findPageComponents (C:\Users\ujaan\Documents\GitHub\frammer-ai-analytics-platform\node_modules\next\dist\server\dev\next-dev-server.js:577:20)
    at async DevServer.renderPageComponent (C:\Users\ujaan\Documents\GitHub\frammer-ai-analytics-platform\node_modules\next\dist\server\base-server.js:1897:24)
    at async DevServer.renderToResponseImpl (C:\Users\ujaan\Documents\GitHub\frammer-ai-analytics-platform\node_modules\next\dist\server\base-server.js:1949:32)
    at async DevServer.pipeImpl (C:\Users\ujaan\Documents\GitHub\frammer-ai-analytics-platform\node_modules\next\dist\server\base-server.js:921:25)
    at async NextNodeServer.handleCatchallRenderRequest (C:\Users\ujaan\Documents\GitHub\frammer-ai-analytics-platform\node_modules\next\dist\server\next-server.js:272:17)
    at async DevServer.handleRequestImpl (C:\Users\ujaan\Documents\GitHub\frammer-ai-analytics-platform\node_modules\next\dist\server\base-server.js:817:17)
    at async C:\Users\ujaan\Documents\GitHub\frammer-ai-analytics-platform\node_modules\next\dist\server\dev\next-dev-server.js:339:20
    at async Span.traceAsyncFn (C:\Users\ujaan\Documents\GitHub\frammer-ai-analytics-platform\node_modules\next\dist\trace\trace.js:154:20)
    at async DevServer.handleRequest (C:\Users\ujaan\Documents\GitHub\frammer-ai-analytics-platform\node_modules\next\dist\server\dev\next-dev-server.js:336:24)
    at async invokeRender (C:\Users\ujaan\Documents\GitHub\frammer-ai-analytics-platform\node_modules\next\dist\server\lib\router-server.js:173:21)
    at async handleRequest (C:\Users\ujaan\Documents\GitHub\frammer-ai-analytics-platform\node_modules\next\dist\server\lib\router-server.js:350:24)
    at async requestHandlerImpl (C:\Users\ujaan\Documents\GitHub\frammer-ai-analytics-platform\node_modules\next\dist\server\lib\router-server.js:374:13)
    at async Server.requestListener (C:\Users\ujaan\Documents\GitHub\frammer-ai-analytics-platform\node_modules\next\dist\server\lib\start-server.js:141:13) {
  code: 'MODULE_NOT_FOUND',
  requireStack: [
    'C:\\Users\\ujaan\\Documents\\GitHub\\frammer-ai-analytics-platform\\apps\\web\\.next\\server\\webpack-runtime.js',
    'C:\\Users\\ujaan\\Documents\\GitHub\\frammer-ai-analytics-platform\\apps\\web\\.next\\server\\app\\api\\analytics\\widget-data\\route.js',
    'C:\\Users\\ujaan\\Documents\\GitHub\\frammer-ai-analytics-platform\\node_modules\\next\\dist\\server\\require.js',
    'C:\\Users\\ujaan\\Documents\\GitHub\\frammer-ai-analytics-platform\\node_modules\\next\\dist\\server\\load-components.js',
    'C:\\Users\\ujaan\\Documents\\GitHub\\frammer-ai-analytics-platform\\node_modules\\next\\dist\\build\\utils.js',
    'C:\\Users\\ujaan\\Documents\\GitHub\\frammer-ai-analytics-platform\\node_modules\\next\\dist\\server\\dev\\hot-middleware.js',
    'C:\\Users\\ujaan\\Documents\\GitHub\\frammer-ai-analytics-platform\\node_modules\\next\\dist\\server\\dev\\hot-reloader-webpack.js',
    'C:\\Users\\ujaan\\Documents\\GitHub\\frammer-ai-analytics-platform\\node_modules\\next\\dist\\server\\lib\\router-utils\\setup-dev-bundler.js',
    'C:\\Users\\ujaan\\Documents\\GitHub\\frammer-ai-analytics-platform\\node_modules\\next\\dist\\server\\lib\\router-server.js',
    'C:\\Users\\ujaan\\Documents\\GitHub\\frammer-ai-analytics-platform\\node_modules\\next\\dist\\server\\lib\\start-server.js'
  ],
  page: '/api/analytics/warehouse/query'
}
 ⨯ Error: Cannot find module './193.js'
Require stack:
- C:\Users\ujaan\Documents\GitHub\frammer-ai-analytics-platform\apps\web\.next\server\webpack-runtime.js
- C:\Users\ujaan\Documents\GitHub\frammer-ai-analytics-platform\apps\web\.next\server\app\api\analytics\widget-data\route.js
- C:\Users\ujaan\Documents\GitHub\frammer-ai-analytics-platform\node_modules\next\dist\server\require.js
- C:\Users\ujaan\Documents\GitHub\frammer-ai-analytics-platform\node_modules\next\dist\server\load-components.js
- C:\Users\ujaan\Documents\GitHub\frammer-ai-analytics-platform\node_modules\next\dist\build\utils.js
- C:\Users\ujaan\Documents\GitHub\frammer-ai-analytics-platform\node_modules\next\dist\server\dev\hot-middleware.js
- C:\Users\ujaan\Documents\GitHub\frammer-ai-analytics-platform\node_modules\next\dist\server\dev\hot-reloader-webpack.js
- C:\Users\ujaan\Documents\GitHub\frammer-ai-analytics-platform\node_modules\next\dist\server\lib\router-utils\setup-dev-bundler.js
- C:\Users\ujaan\Documents\GitHub\frammer-ai-analytics-platform\node_modules\next\dist\server\lib\router-server.js
- C:\Users\ujaan\Documents\GitHub\frammer-ai-analytics-platform\node_modules\next\dist\server\lib\start-server.js
    at Module.<anonymous> (node:internal/modules/cjs/loader:1500:15)
    at C:\Users\ujaan\Documents\GitHub\frammer-ai-analytics-platform\node_modules\next\dist\server\require-hook.js:55:36
    at wrapResolveFilename (node:internal/modules/cjs/loader:1071:27)
    at defaultResolveImplForCJSLoading (node:internal/modules/cjs/loader:1095:10)
    at resolveForCJSWithHooks (node:internal/modules/cjs/loader:1116:12)
    at Module._load (node:internal/modules/cjs/loader:1285:25)
    at wrapModuleLoad (node:internal/modules/cjs/loader:255:19)
    at Module.<anonymous> (node:internal/modules/cjs/loader:1600:12)
    at mod.require (C:\Users\ujaan\Documents\GitHub\frammer-ai-analytics-platform\node_modules\next\dist\server\require-hook.js:65:28)
    at require (node:internal/modules/helpers:153:16)
    at __webpack_require__.f.require (C:\Users\ujaan\Documents\GitHub\frammer-ai-analytics-platform\apps\web\.next\server\webpack-runtime.js:208:28)
    at C:\Users\ujaan\Documents\GitHub\frammer-ai-analytics-platform\apps\web\.next\server\webpack-runtime.js:116:40
    at Array.reduce (<anonymous>)
    at __webpack_require__.e (C:\Users\ujaan\Documents\GitHub\frammer-ai-analytics-platform\apps\web\.next\server\webpack-runtime.js:115:67)
    at Array.map (<anonymous>)
    at __webpack_require__.X (C:\Users\ujaan\Documents\GitHub\frammer-ai-analytics-platform\apps\web\.next\server\webpack-runtime.js:167:22)
    at C:\Users\ujaan\Documents\GitHub\frammer-ai-analytics-platform\apps\web\.next\server\app\api\analytics\warehouse\query\route.js:1:2096
    at Object.<anonymous> (C:\Users\ujaan\Documents\GitHub\frammer-ai-analytics-platform\apps\web\.next\server\app\api\analytics\warehouse\query\route.js:1:2142)
    at Module._compile (node:internal/modules/cjs/loader:1854:14)
    at Object..js (node:internal/modules/cjs/loader:1985:10)
    at Module.load (node:internal/modules/cjs/loader:1577:32)
    at Module._load (node:internal/modules/cjs/loader:1379:12)
    at wrapModuleLoad (node:internal/modules/cjs/loader:255:19)
    at Module.<anonymous> (node:internal/modules/cjs/loader:1600:12)
    at mod.require (C:\Users\ujaan\Documents\GitHub\frammer-ai-analytics-platform\node_modules\next\dist\server\require-hook.js:65:28)
    at require (node:internal/modules/helpers:153:16)
    at requirePage (C:\Users\ujaan\Documents\GitHub\frammer-ai-analytics-platform\node_modules\next\dist\server\require.js:109:84)
    at C:\Users\ujaan\Documents\GitHub\frammer-ai-analytics-platform\node_modules\next\dist\server\load-components.js:98:84
    at async loadComponentsImpl (C:\Users\ujaan\Documents\GitHub\frammer-ai-analytics-platform\node_modules\next\dist\server\load-components.js:98:26)
    at async DevServer.findPageComponentsImpl (C:\Users\ujaan\Documents\GitHub\frammer-ai-analytics-platform\node_modules\next\dist\server\next-server.js:709:36)
    at async DevServer.findPageComponents (C:\Users\ujaan\Documents\GitHub\frammer-ai-analytics-platform\node_modules\next\dist\server\dev\next-dev-server.js:577:20)
    at async DevServer.renderPageComponent (C:\Users\ujaan\Documents\GitHub\frammer-ai-analytics-platform\node_modules\next\dist\server\base-server.js:1897:24)
    at async DevServer.renderToResponseImpl (C:\Users\ujaan\Documents\GitHub\frammer-ai-analytics-platform\node_modules\next\dist\server\base-server.js:1949:32)
    at async DevServer.pipeImpl (C:\Users\ujaan\Documents\GitHub\frammer-ai-analytics-platform\node_modules\next\dist\server\base-server.js:921:25)
    at async NextNodeServer.handleCatchallRenderRequest (C:\Users\ujaan\Documents\GitHub\frammer-ai-analytics-platform\node_modules\next\dist\server\next-server.js:272:17)
    at async DevServer.handleRequestImpl (C:\Users\ujaan\Documents\GitHub\frammer-ai-analytics-platform\node_modules\next\dist\server\base-server.js:817:17)
    at async C:\Users\ujaan\Documents\GitHub\frammer-ai-analytics-platform\node_modules\next\dist\server\dev\next-dev-server.js:339:20
    at async Span.traceAsyncFn (C:\Users\ujaan\Documents\GitHub\frammer-ai-analytics-platform\node_modules\next\dist\trace\trace.js:154:20)
    at async DevServer.handleRequest (C:\Users\ujaan\Documents\GitHub\frammer-ai-analytics-platform\node_modules\next\dist\server\dev\next-dev-server.js:336:24)
    at async invokeRender (C:\Users\ujaan\Documents\GitHub\frammer-ai-analytics-platform\node_modules\next\dist\server\lib\router-server.js:173:21)
    at async handleRequest (C:\Users\ujaan\Documents\GitHub\frammer-ai-analytics-platform\node_modules\next\dist\server\lib\router-server.js:350:24)
    at async requestHandlerImpl (C:\Users\ujaan\Documents\GitHub\frammer-ai-analytics-platform\node_modules\next\dist\server\lib\router-server.js:374:13)
    at async Server.requestListener (C:\Users\ujaan\Documents\GitHub\frammer-ai-analytics-platform\node_modules\next\dist\server\lib\start-server.js:141:13) {
  code: 'MODULE_NOT_FOUND',
  requireStack: [
    'C:\\Users\\ujaan\\Documents\\GitHub\\frammer-ai-analytics-platform\\apps\\web\\.next\\server\\webpack-runtime.js',
    'C:\\Users\\ujaan\\Documents\\GitHub\\frammer-ai-analytics-platform\\apps\\web\\.next\\server\\app\\api\\analytics\\widget-data\\route.js',
    'C:\\Users\\ujaan\\Documents\\GitHub\\frammer-ai-analytics-platform\\node_modules\\next\\dist\\server\\require.js',
    'C:\\Users\\ujaan\\Documents\\GitHub\\frammer-ai-analytics-platform\\node_modules\\next\\dist\\server\\load-components.js',
    'C:\\Users\\ujaan\\Documents\\GitHub\\frammer-ai-analytics-platform\\node_modules\\next\\dist\\build\\utils.js',
    'C:\\Users\\ujaan\\Documents\\GitHub\\frammer-ai-analytics-platform\\node_modules\\next\\dist\\server\\dev\\hot-middleware.js',
    'C:\\Users\\ujaan\\Documents\\GitHub\\frammer-ai-analytics-platform\\node_modules\\next\\dist\\server\\dev\\hot-reloader-webpack.js',
    'C:\\Users\\ujaan\\Documents\\GitHub\\frammer-ai-analytics-platform\\node_modules\\next\\dist\\server\\lib\\router-utils\\setup-dev-bundler.js',
    'C:\\Users\\ujaan\\Documents\\GitHub\\frammer-ai-analytics-platform\\node_modules\\next\\dist\\server\\lib\\router-server.js',
    'C:\\Users\\ujaan\\Documents\\GitHub\\frammer-ai-analytics-platform\\node_modules\\next\\dist\\server\\lib\\start-server.js'
  ],
  page: '/api/analytics/warehouse/query'
}
 ⨯ Error: Cannot find module './193.js'
Require stack:
- C:\Users\ujaan\Documents\GitHub\frammer-ai-analytics-platform\apps\web\.next\server\webpack-runtime.js
- C:\Users\ujaan\Documents\GitHub\frammer-ai-analytics-platform\apps\web\.next\server\app\api\analytics\widget-data\route.js
- C:\Users\ujaan\Documents\GitHub\frammer-ai-analytics-platform\node_modules\next\dist\server\require.js
- C:\Users\ujaan\Documents\GitHub\frammer-ai-analytics-platform\node_modules\next\dist\server\load-components.js
- C:\Users\ujaan\Documents\GitHub\frammer-ai-analytics-platform\node_modules\next\dist\build\utils.js
- C:\Users\ujaan\Documents\GitHub\frammer-ai-analytics-platform\node_modules\next\dist\server\dev\hot-middleware.js
- C:\Users\ujaan\Documents\GitHub\frammer-ai-analytics-platform\node_modules\next\dist\server\dev\hot-reloader-webpack.js
- C:\Users\ujaan\Documents\GitHub\frammer-ai-analytics-platform\node_modules\next\dist\server\lib\router-utils\setup-dev-bundler.js
- C:\Users\ujaan\Documents\GitHub\frammer-ai-analytics-platform\node_modules\next\dist\server\lib\router-server.js
- C:\Users\ujaan\Documents\GitHub\frammer-ai-analytics-platform\node_modules\next\dist\server\lib\start-server.js
    at Module.<anonymous> (node:internal/modules/cjs/loader:1500:15)
    at C:\Users\ujaan\Documents\GitHub\frammer-ai-analytics-platform\node_modules\next\dist\server\require-hook.js:55:36
    at wrapResolveFilename (node:internal/modules/cjs/loader:1071:27)
    at defaultResolveImplForCJSLoading (node:internal/modules/cjs/loader:1095:10)
    at resolveForCJSWithHooks (node:internal/modules/cjs/loader:1116:12)
    at Module._load (node:internal/modules/cjs/loader:1285:25)
    at wrapModuleLoad (node:internal/modules/cjs/loader:255:19)
    at Module.<anonymous> (node:internal/modules/cjs/loader:1600:12)
    at mod.require (C:\Users\ujaan\Documents\GitHub\frammer-ai-analytics-platform\node_modules\next\dist\server\require-hook.js:65:28)
    at require (node:internal/modules/helpers:153:16)
    at __webpack_require__.f.require (C:\Users\ujaan\Documents\GitHub\frammer-ai-analytics-platform\apps\web\.next\server\webpack-runtime.js:208:28)
    at C:\Users\ujaan\Documents\GitHub\frammer-ai-analytics-platform\apps\web\.next\server\webpack-runtime.js:116:40
    at Array.reduce (<anonymous>)
    at __webpack_require__.e (C:\Users\ujaan\Documents\GitHub\frammer-ai-analytics-platform\apps\web\.next\server\webpack-runtime.js:115:67)
    at Array.map (<anonymous>)
    at __webpack_require__.X (C:\Users\ujaan\Documents\GitHub\frammer-ai-analytics-platform\apps\web\.next\server\webpack-runtime.js:167:22)
    at C:\Users\ujaan\Documents\GitHub\frammer-ai-analytics-platform\apps\web\.next\server\app\api\analytics\warehouse\query\route.js:1:2096
    at Object.<anonymous> (C:\Users\ujaan\Documents\GitHub\frammer-ai-analytics-platform\apps\web\.next\server\app\api\analytics\warehouse\query\route.js:1:2142)
    at Module._compile (node:internal/modules/cjs/loader:1854:14)
    at Object..js (node:internal/modules/cjs/loader:1985:10)
    at Module.load (node:internal/modules/cjs/loader:1577:32)
    at Module._load (node:internal/modules/cjs/loader:1379:12)
    at wrapModuleLoad (node:internal/modules/cjs/loader:255:19)
    at Module.<anonymous> (node:internal/modules/cjs/loader:1600:12)
    at mod.require (C:\Users\ujaan\Documents\GitHub\frammer-ai-analytics-platform\node_modules\next\dist\server\require-hook.js:65:28)
    at require (node:internal/modules/helpers:153:16)
    at requirePage (C:\Users\ujaan\Documents\GitHub\frammer-ai-analytics-platform\node_modules\next\dist\server\require.js:109:84)
    at C:\Users\ujaan\Documents\GitHub\frammer-ai-analytics-platform\node_modules\next\dist\server\load-components.js:98:84
    at async loadComponentsImpl (C:\Users\ujaan\Documents\GitHub\frammer-ai-analytics-platform\node_modules\next\dist\server\load-components.js:98:26)
    at async DevServer.findPageComponentsImpl (C:\Users\ujaan\Documents\GitHub\frammer-ai-analytics-platform\node_modules\next\dist\server\next-server.js:709:36)
    at async DevServer.findPageComponents (C:\Users\ujaan\Documents\GitHub\frammer-ai-analytics-platform\node_modules\next\dist\server\dev\next-dev-server.js:577:20)
    at async DevServer.renderPageComponent (C:\Users\ujaan\Documents\GitHub\frammer-ai-analytics-platform\node_modules\next\dist\server\base-server.js:1897:24)
    at async DevServer.renderToResponseImpl (C:\Users\ujaan\Documents\GitHub\frammer-ai-analytics-platform\node_modules\next\dist\server\base-server.js:1949:32)
    at async DevServer.pipeImpl (C:\Users\ujaan\Documents\GitHub\frammer-ai-analytics-platform\node_modules\next\dist\server\base-server.js:921:25)
    at async NextNodeServer.handleCatchallRenderRequest (C:\Users\ujaan\Documents\GitHub\frammer-ai-analytics-platform\node_modules\next\dist\server\next-server.js:272:17)
    at async DevServer.handleRequestImpl (C:\Users\ujaan\Documents\GitHub\frammer-ai-analytics-platform\node_modules\next\dist\server\base-server.js:817:17)
    at async C:\Users\ujaan\Documents\GitHub\frammer-ai-analytics-platform\node_modules\next\dist\server\dev\next-dev-server.js:339:20
    at async Span.traceAsyncFn (C:\Users\ujaan\Documents\GitHub\frammer-ai-analytics-platform\node_modules\next\dist\trace\trace.js:154:20)
    at async DevServer.handleRequest (C:\Users\ujaan\Documents\GitHub\frammer-ai-analytics-platform\node_modules\next\dist\server\dev\next-dev-server.js:336:24)
    at async invokeRender (C:\Users\ujaan\Documents\GitHub\frammer-ai-analytics-platform\node_modules\next\dist\server\lib\router-server.js:173:21)
    at async handleRequest (C:\Users\ujaan\Documents\GitHub\frammer-ai-analytics-platform\node_modules\next\dist\server\lib\router-server.js:350:24)
    at async requestHandlerImpl (C:\Users\ujaan\Documents\GitHub\frammer-ai-analytics-platform\node_modules\next\dist\server\lib\router-server.js:374:13)
    at async Server.requestListener (C:\Users\ujaan\Documents\GitHub\frammer-ai-analytics-platform\node_modules\next\dist\server\lib\start-server.js:141:13) {
  code: 'MODULE_NOT_FOUND',
  requireStack: [
    'C:\\Users\\ujaan\\Documents\\GitHub\\frammer-ai-analytics-platform\\apps\\web\\.next\\server\\webpack-runtime.js',
    'C:\\Users\\ujaan\\Documents\\GitHub\\frammer-ai-analytics-platform\\apps\\web\\.next\\server\\app\\api\\analytics\\widget-data\\route.js',
    'C:\\Users\\ujaan\\Documents\\GitHub\\frammer-ai-analytics-platform\\node_modules\\next\\dist\\server\\require.js',
    'C:\\Users\\ujaan\\Documents\\GitHub\\frammer-ai-analytics-platform\\node_modules\\next\\dist\\server\\load-components.js',
    'C:\\Users\\ujaan\\Documents\\GitHub\\frammer-ai-analytics-platform\\node_modules\\next\\dist\\build\\utils.js',
    'C:\\Users\\ujaan\\Documents\\GitHub\\frammer-ai-analytics-platform\\node_modules\\next\\dist\\server\\dev\\hot-middleware.js',
    'C:\\Users\\ujaan\\Documents\\GitHub\\frammer-ai-analytics-platform\\node_modules\\next\\dist\\server\\dev\\hot-reloader-webpack.js',
    'C:\\Users\\ujaan\\Documents\\GitHub\\frammer-ai-analytics-platform\\node_modules\\next\\dist\\server\\lib\\router-utils\\setup-dev-bundler.js',
    'C:\\Users\\ujaan\\Documents\\GitHub\\frammer-ai-analytics-platform\\node_modules\\next\\dist\\server\\lib\\router-server.js',
    'C:\\Users\\ujaan\\Documents\\GitHub\\frammer-ai-analytics-platform\\node_modules\\next\\dist\\server\\lib\\start-server.js'
  ],
  page: '/api/analytics/warehouse/query'
}
 ⨯ Error: Cannot find module './193.js'
Require stack:
- C:\Users\ujaan\Documents\GitHub\frammer-ai-analytics-platform\apps\web\.next\server\webpack-runtime.js
- C:\Users\ujaan\Documents\GitHub\frammer-ai-analytics-platform\apps\web\.next\server\app\api\analytics\widget-data\route.js
- C:\Users\ujaan\Documents\GitHub\frammer-ai-analytics-platform\node_modules\next\dist\server\require.js
- C:\Users\ujaan\Documents\GitHub\frammer-ai-analytics-platform\node_modules\next\dist\server\load-components.js
- C:\Users\ujaan\Documents\GitHub\frammer-ai-analytics-platform\node_modules\next\dist\build\utils.js
- C:\Users\ujaan\Documents\GitHub\frammer-ai-analytics-platform\node_modules\next\dist\server\dev\hot-middleware.js
- C:\Users\ujaan\Documents\GitHub\frammer-ai-analytics-platform\node_modules\next\dist\server\dev\hot-reloader-webpack.js
- C:\Users\ujaan\Documents\GitHub\frammer-ai-analytics-platform\node_modules\next\dist\server\lib\router-utils\setup-dev-bundler.js
- C:\Users\ujaan\Documents\GitHub\frammer-ai-analytics-platform\node_modules\next\dist\server\lib\router-server.js
- C:\Users\ujaan\Documents\GitHub\frammer-ai-analytics-platform\node_modules\next\dist\server\lib\start-server.js
    at Module.<anonymous> (node:internal/modules/cjs/loader:1500:15)
    at C:\Users\ujaan\Documents\GitHub\frammer-ai-analytics-platform\node_modules\next\dist\server\require-hook.js:55:36
    at wrapResolveFilename (node:internal/modules/cjs/loader:1071:27)
    at defaultResolveImplForCJSLoading (node:internal/modules/cjs/loader:1095:10)
    at resolveForCJSWithHooks (node:internal/modules/cjs/loader:1116:12)
    at Module._load (node:internal/modules/cjs/loader:1285:25)
    at wrapModuleLoad (node:internal/modules/cjs/loader:255:19)
    at Module.<anonymous> (node:internal/modules/cjs/loader:1600:12)
    at mod.require (C:\Users\ujaan\Documents\GitHub\frammer-ai-analytics-platform\node_modules\next\dist\server\require-hook.js:65:28)
    at require (node:internal/modules/helpers:153:16)
    at __webpack_require__.f.require (C:\Users\ujaan\Documents\GitHub\frammer-ai-analytics-platform\apps\web\.next\server\webpack-runtime.js:208:28)
    at C:\Users\ujaan\Documents\GitHub\frammer-ai-analytics-platform\apps\web\.next\server\webpack-runtime.js:116:40
    at Array.reduce (<anonymous>)
    at __webpack_require__.e (C:\Users\ujaan\Documents\GitHub\frammer-ai-analytics-platform\apps\web\.next\server\webpack-runtime.js:115:67)
    at Array.map (<anonymous>)
    at __webpack_require__.X (C:\Users\ujaan\Documents\GitHub\frammer-ai-analytics-platform\apps\web\.next\server\webpack-runtime.js:167:22)
    at C:\Users\ujaan\Documents\GitHub\frammer-ai-analytics-platform\apps\web\.next\server\app\api\analytics\warehouse\query\route.js:1:2096
    at Object.<anonymous> (C:\Users\ujaan\Documents\GitHub\frammer-ai-analytics-platform\apps\web\.next\server\app\api\analytics\warehouse\query\route.js:1:2142)
    at Module._compile (node:internal/modules/cjs/loader:1854:14)
    at Object..js (node:internal/modules/cjs/loader:1985:10)
    at Module.load (node:internal/modules/cjs/loader:1577:32)
    at Module._load (node:internal/modules/cjs/loader:1379:12)
    at wrapModuleLoad (node:internal/modules/cjs/loader:255:19)
    at Module.<anonymous> (node:internal/modules/cjs/loader:1600:12)
    at mod.require (C:\Users\ujaan\Documents\GitHub\frammer-ai-analytics-platform\node_modules\next\dist\server\require-hook.js:65:28)
    at require (node:internal/modules/helpers:153:16)
    at requirePage (C:\Users\ujaan\Documents\GitHub\frammer-ai-analytics-platform\node_modules\next\dist\server\require.js:109:84)
    at C:\Users\ujaan\Documents\GitHub\frammer-ai-analytics-platform\node_modules\next\dist\server\load-components.js:98:84
    at async loadComponentsImpl (C:\Users\ujaan\Documents\GitHub\frammer-ai-analytics-platform\node_modules\next\dist\server\load-components.js:98:26)
    at async DevServer.findPageComponentsImpl (C:\Users\ujaan\Documents\GitHub\frammer-ai-analytics-platform\node_modules\next\dist\server\next-server.js:709:36)
    at async DevServer.findPageComponents (C:\Users\ujaan\Documents\GitHub\frammer-ai-analytics-platform\node_modules\next\dist\server\dev\next-dev-server.js:577:20)
    at async DevServer.renderPageComponent (C:\Users\ujaan\Documents\GitHub\frammer-ai-analytics-platform\node_modules\next\dist\server\base-server.js:1897:24)
    at async DevServer.renderToResponseImpl (C:\Users\ujaan\Documents\GitHub\frammer-ai-analytics-platform\node_modules\next\dist\server\base-server.js:1949:32)
    at async DevServer.pipeImpl (C:\Users\ujaan\Documents\GitHub\frammer-ai-analytics-platform\node_modules\next\dist\server\base-server.js:921:25)
    at async NextNodeServer.handleCatchallRenderRequest (C:\Users\ujaan\Documents\GitHub\frammer-ai-analytics-platform\node_modules\next\dist\server\next-server.js:272:17)
    at async DevServer.handleRequestImpl (C:\Users\ujaan\Documents\GitHub\frammer-ai-analytics-platform\node_modules\next\dist\server\base-server.js:817:17)
    at async C:\Users\ujaan\Documents\GitHub\frammer-ai-analytics-platform\node_modules\next\dist\server\dev\next-dev-server.js:339:20
    at async Span.traceAsyncFn (C:\Users\ujaan\Documents\GitHub\frammer-ai-analytics-platform\node_modules\next\dist\trace\trace.js:154:20)
    at async DevServer.handleRequest (C:\Users\ujaan\Documents\GitHub\frammer-ai-analytics-platform\node_modules\next\dist\server\dev\next-dev-server.js:336:24)
    at async invokeRender (C:\Users\ujaan\Documents\GitHub\frammer-ai-analytics-platform\node_modules\next\dist\server\lib\router-server.js:173:21)
    at async handleRequest (C:\Users\ujaan\Documents\GitHub\frammer-ai-analytics-platform\node_modules\next\dist\server\lib\router-server.js:350:24)
    at async requestHandlerImpl (C:\Users\ujaan\Documents\GitHub\frammer-ai-analytics-platform\node_modules\next\dist\server\lib\router-server.js:374:13)
    at async Server.requestListener (C:\Users\ujaan\Documents\GitHub\frammer-ai-analytics-platform\node_modules\next\dist\server\lib\start-server.js:141:13) {
  code: 'MODULE_NOT_FOUND',
  requireStack: [
    'C:\\Users\\ujaan\\Documents\\GitHub\\frammer-ai-analytics-platform\\apps\\web\\.next\\server\\webpack-runtime.js',
    'C:\\Users\\ujaan\\Documents\\GitHub\\frammer-ai-analytics-platform\\apps\\web\\.next\\server\\app\\api\\analytics\\widget-data\\route.js',
    'C:\\Users\\ujaan\\Documents\\GitHub\\frammer-ai-analytics-platform\\node_modules\\next\\dist\\server\\require.js',
    'C:\\Users\\ujaan\\Documents\\GitHub\\frammer-ai-analytics-platform\\node_modules\\next\\dist\\server\\load-components.js',
    'C:\\Users\\ujaan\\Documents\\GitHub\\frammer-ai-analytics-platform\\node_modules\\next\\dist\\build\\utils.js',
    'C:\\Users\\ujaan\\Documents\\GitHub\\frammer-ai-analytics-platform\\node_modules\\next\\dist\\server\\dev\\hot-middleware.js',
    'C:\\Users\\ujaan\\Documents\\GitHub\\frammer-ai-analytics-platform\\node_modules\\next\\dist\\server\\dev\\hot-reloader-webpack.js',
    'C:\\Users\\ujaan\\Documents\\GitHub\\frammer-ai-analytics-platform\\node_modules\\next\\dist\\server\\lib\\router-utils\\setup-dev-bundler.js',
    'C:\\Users\\ujaan\\Documents\\GitHub\\frammer-ai-analytics-platform\\node_modules\\next\\dist\\server\\lib\\router-server.js',
    'C:\\Users\\ujaan\\Documents\\GitHub\\frammer-ai-analytics-platform\\node_modules\\next\\dist\\server\\lib\\start-server.js'
  ],
  page: '/api/analytics/warehouse/query'
}
 ⨯ Error: Cannot find module './193.js'
Require stack:
- C:\Users\ujaan\Documents\GitHub\frammer-ai-analytics-platform\apps\web\.next\server\webpack-runtime.js
- C:\Users\ujaan\Documents\GitHub\frammer-ai-analytics-platform\apps\web\.next\server\app\api\analytics\widget-data\route.js
- C:\Users\ujaan\Documents\GitHub\frammer-ai-analytics-platform\node_modules\next\dist\server\require.js
- C:\Users\ujaan\Documents\GitHub\frammer-ai-analytics-platform\node_modules\next\dist\server\load-components.js
- C:\Users\ujaan\Documents\GitHub\frammer-ai-analytics-platform\node_modules\next\dist\build\utils.js
- C:\Users\ujaan\Documents\GitHub\frammer-ai-analytics-platform\node_modules\next\dist\server\dev\hot-middleware.js
- C:\Users\ujaan\Documents\GitHub\frammer-ai-analytics-platform\node_modules\next\dist\server\dev\hot-reloader-webpack.js
- C:\Users\ujaan\Documents\GitHub\frammer-ai-analytics-platform\node_modules\next\dist\server\lib\router-utils\setup-dev-bundler.js
- C:\Users\ujaan\Documents\GitHub\frammer-ai-analytics-platform\node_modules\next\dist\server\lib\router-server.js
- C:\Users\ujaan\Documents\GitHub\frammer-ai-analytics-platform\node_modules\next\dist\server\lib\start-server.js
    at Module.<anonymous> (node:internal/modules/cjs/loader:1500:15)
    at C:\Users\ujaan\Documents\GitHub\frammer-ai-analytics-platform\node_modules\next\dist\server\require-hook.js:55:36
    at wrapResolveFilename (node:internal/modules/cjs/loader:1071:27)
    at defaultResolveImplForCJSLoading (node:internal/modules/cjs/loader:1095:10)
    at resolveForCJSWithHooks (node:internal/modules/cjs/loader:1116:12)
    at Module._load (node:internal/modules/cjs/loader:1285:25)
    at wrapModuleLoad (node:internal/modules/cjs/loader:255:19)
    at Module.<anonymous> (node:internal/modules/cjs/loader:1600:12)
    at mod.require (C:\Users\ujaan\Documents\GitHub\frammer-ai-analytics-platform\node_modules\next\dist\server\require-hook.js:65:28)
    at require (node:internal/modules/helpers:153:16)
    at __webpack_require__.f.require (C:\Users\ujaan\Documents\GitHub\frammer-ai-analytics-platform\apps\web\.next\server\webpack-runtime.js:208:28)
    at C:\Users\ujaan\Documents\GitHub\frammer-ai-analytics-platform\apps\web\.next\server\webpack-runtime.js:116:40
    at Array.reduce (<anonymous>)
    at __webpack_require__.e (C:\Users\ujaan\Documents\GitHub\frammer-ai-analytics-platform\apps\web\.next\server\webpack-runtime.js:115:67)
    at Array.map (<anonymous>)
    at __webpack_require__.X (C:\Users\ujaan\Documents\GitHub\frammer-ai-analytics-platform\apps\web\.next\server\webpack-runtime.js:167:22)
    at C:\Users\ujaan\Documents\GitHub\frammer-ai-analytics-platform\apps\web\.next\server\app\api\analytics\warehouse\query\route.js:1:2096
    at Object.<anonymous> (C:\Users\ujaan\Documents\GitHub\frammer-ai-analytics-platform\apps\web\.next\server\app\api\analytics\warehouse\query\route.js:1:2142)
    at Module._compile (node:internal/modules/cjs/loader:1854:14)
    at Object..js (node:internal/modules/cjs/loader:1985:10)
    at Module.load (node:internal/modules/cjs/loader:1577:32)
    at Module._load (node:internal/modules/cjs/loader:1379:12)
    at wrapModuleLoad (node:internal/modules/cjs/loader:255:19)
    at Module.<anonymous> (node:internal/modules/cjs/loader:1600:12)
    at mod.require (C:\Users\ujaan\Documents\GitHub\frammer-ai-analytics-platform\node_modules\next\dist\server\require-hook.js:65:28)
    at require (node:internal/modules/helpers:153:16)
    at requirePage (C:\Users\ujaan\Documents\GitHub\frammer-ai-analytics-platform\node_modules\next\dist\server\require.js:109:84)
    at C:\Users\ujaan\Documents\GitHub\frammer-ai-analytics-platform\node_modules\next\dist\server\load-components.js:98:84
    at async loadComponentsImpl (C:\Users\ujaan\Documents\GitHub\frammer-ai-analytics-platform\node_modules\next\dist\server\load-components.js:98:26)
    at async DevServer.findPageComponentsImpl (C:\Users\ujaan\Documents\GitHub\frammer-ai-analytics-platform\node_modules\next\dist\server\next-server.js:709:36)
    at async DevServer.findPageComponents (C:\Users\ujaan\Documents\GitHub\frammer-ai-analytics-platform\node_modules\next\dist\server\dev\next-dev-server.js:577:20)
    at async DevServer.renderPageComponent (C:\Users\ujaan\Documents\GitHub\frammer-ai-analytics-platform\node_modules\next\dist\server\base-server.js:1897:24)
    at async DevServer.renderToResponseImpl (C:\Users\ujaan\Documents\GitHub\frammer-ai-analytics-platform\node_modules\next\dist\server\base-server.js:1949:32)
    at async DevServer.pipeImpl (C:\Users\ujaan\Documents\GitHub\frammer-ai-analytics-platform\node_modules\next\dist\server\base-server.js:921:25)
    at async NextNodeServer.handleCatchallRenderRequest (C:\Users\ujaan\Documents\GitHub\frammer-ai-analytics-platform\node_modules\next\dist\server\next-server.js:272:17)
    at async DevServer.handleRequestImpl (C:\Users\ujaan\Documents\GitHub\frammer-ai-analytics-platform\node_modules\next\dist\server\base-server.js:817:17)
    at async C:\Users\ujaan\Documents\GitHub\frammer-ai-analytics-platform\node_modules\next\dist\server\dev\next-dev-server.js:339:20
    at async Span.traceAsyncFn (C:\Users\ujaan\Documents\GitHub\frammer-ai-analytics-platform\node_modules\next\dist\trace\trace.js:154:20)
    at async DevServer.handleRequest (C:\Users\ujaan\Documents\GitHub\frammer-ai-analytics-platform\node_modules\next\dist\server\dev\next-dev-server.js:336:24)
    at async invokeRender (C:\Users\ujaan\Documents\GitHub\frammer-ai-analytics-platform\node_modules\next\dist\server\lib\router-server.js:173:21)
    at async handleRequest (C:\Users\ujaan\Documents\GitHub\frammer-ai-analytics-platform\node_modules\next\dist\server\lib\router-server.js:350:24)
    at async requestHandlerImpl (C:\Users\ujaan\Documents\GitHub\frammer-ai-analytics-platform\node_modules\next\dist\server\lib\router-server.js:374:13)
    at async Server.requestListener (C:\Users\ujaan\Documents\GitHub\frammer-ai-analytics-platform\node_modules\next\dist\server\lib\start-server.js:141:13) {
  code: 'MODULE_NOT_FOUND',
  requireStack: [
    'C:\\Users\\ujaan\\Documents\\GitHub\\frammer-ai-analytics-platform\\apps\\web\\.next\\server\\webpack-runtime.js',
    'C:\\Users\\ujaan\\Documents\\GitHub\\frammer-ai-analytics-platform\\apps\\web\\.next\\server\\app\\api\\analytics\\widget-data\\route.js',
    'C:\\Users\\ujaan\\Documents\\GitHub\\frammer-ai-analytics-platform\\node_modules\\next\\dist\\server\\require.js',
    'C:\\Users\\ujaan\\Documents\\GitHub\\frammer-ai-analytics-platform\\node_modules\\next\\dist\\server\\load-components.js',
    'C:\\Users\\ujaan\\Documents\\GitHub\\frammer-ai-analytics-platform\\node_modules\\next\\dist\\build\\utils.js',
    'C:\\Users\\ujaan\\Documents\\GitHub\\frammer-ai-analytics-platform\\node_modules\\next\\dist\\server\\dev\\hot-middleware.js',
    'C:\\Users\\ujaan\\Documents\\GitHub\\frammer-ai-analytics-platform\\node_modules\\next\\dist\\server\\dev\\hot-reloader-webpack.js',
    'C:\\Users\\ujaan\\Documents\\GitHub\\frammer-ai-analytics-platform\\node_modules\\next\\dist\\server\\lib\\router-utils\\setup-dev-bundler.js',
    'C:\\Users\\ujaan\\Documents\\GitHub\\frammer-ai-analytics-platform\\node_modules\\next\\dist\\server\\lib\\router-server.js',
    'C:\\Users\\ujaan\\Documents\\GitHub\\frammer-ai-analytics-platform\\node_modules\\next\\dist\\server\\lib\\start-server.js'
  ],
  page: '/api/analytics/warehouse/query'
}
 ⨯ Error: Cannot find module './193.js'
Require stack:
- C:\Users\ujaan\Documents\GitHub\frammer-ai-analytics-platform\apps\web\.next\server\webpack-runtime.js
- C:\Users\ujaan\Documents\GitHub\frammer-ai-analytics-platform\apps\web\.next\server\pages\_document.js
- C:\Users\ujaan\Documents\GitHub\frammer-ai-analytics-platform\node_modules\next\dist\server\require.js
- C:\Users\ujaan\Documents\GitHub\frammer-ai-analytics-platform\node_modules\next\dist\server\load-components.js
- C:\Users\ujaan\Documents\GitHub\frammer-ai-analytics-platform\node_modules\next\dist\build\utils.js
- C:\Users\ujaan\Documents\GitHub\frammer-ai-analytics-platform\node_modules\next\dist\server\dev\hot-middleware.js
- C:\Users\ujaan\Documents\GitHub\frammer-ai-analytics-platform\node_modules\next\dist\server\dev\hot-reloader-webpack.js
- C:\Users\ujaan\Documents\GitHub\frammer-ai-analytics-platform\node_modules\next\dist\server\lib\router-utils\setup-dev-bundler.js
- C:\Users\ujaan\Documents\GitHub\frammer-ai-analytics-platform\node_modules\next\dist\server\lib\router-server.js
- C:\Users\ujaan\Documents\GitHub\frammer-ai-analytics-platform\node_modules\next\dist\server\lib\start-server.js
    at Module.<anonymous> (node:internal/modules/cjs/loader:1500:15)
    at C:\Users\ujaan\Documents\GitHub\frammer-ai-analytics-platform\node_modules\next\dist\server\require-hook.js:55:36
    at wrapResolveFilename (node:internal/modules/cjs/loader:1071:27)
    at defaultResolveImplForCJSLoading (node:internal/modules/cjs/loader:1095:10)
    at resolveForCJSWithHooks (node:internal/modules/cjs/loader:1116:12)
    at Module._load (node:internal/modules/cjs/loader:1285:25)
    at wrapModuleLoad (node:internal/modules/cjs/loader:255:19)
    at Module.<anonymous> (node:internal/modules/cjs/loader:1600:12)
    at mod.require (C:\Users\ujaan\Documents\GitHub\frammer-ai-analytics-platform\node_modules\next\dist\server\require-hook.js:65:28)
    at require (node:internal/modules/helpers:153:16)
    at __webpack_require__.f.require (C:\Users\ujaan\Documents\GitHub\frammer-ai-analytics-platform\apps\web\.next\server\webpack-runtime.js:208:28)
    at C:\Users\ujaan\Documents\GitHub\frammer-ai-analytics-platform\apps\web\.next\server\webpack-runtime.js:116:40
    at Array.reduce (<anonymous>)
    at __webpack_require__.e (C:\Users\ujaan\Documents\GitHub\frammer-ai-analytics-platform\apps\web\.next\server\webpack-runtime.js:115:67)
    at Array.map (<anonymous>)
    at __webpack_require__.X (C:\Users\ujaan\Documents\GitHub\frammer-ai-analytics-platform\apps\web\.next\server\webpack-runtime.js:167:22)
    at C:\Users\ujaan\Documents\GitHub\frammer-ai-analytics-platform\apps\web\.next\server\app\api\analytics\warehouse\catalog\route.js:1:2106
    at Object.<anonymous> (C:\Users\ujaan\Documents\GitHub\frammer-ai-analytics-platform\apps\web\.next\server\app\api\analytics\warehouse\catalog\route.js:1:2152)
    at Module._compile (node:internal/modules/cjs/loader:1854:14)
    at Object..js (node:internal/modules/cjs/loader:1985:10)
    at Module.load (node:internal/modules/cjs/loader:1577:32)
    at Module._load (node:internal/modules/cjs/loader:1379:12)
    at wrapModuleLoad (node:internal/modules/cjs/loader:255:19)
    at Module.<anonymous> (node:internal/modules/cjs/loader:1600:12)
    at mod.require (C:\Users\ujaan\Documents\GitHub\frammer-ai-analytics-platform\node_modules\next\dist\server\require-hook.js:65:28)
    at require (node:internal/modules/helpers:153:16)
    at requirePage (C:\Users\ujaan\Documents\GitHub\frammer-ai-analytics-platform\node_modules\next\dist\server\require.js:109:84)
    at C:\Users\ujaan\Documents\GitHub\frammer-ai-analytics-platform\node_modules\next\dist\server\load-components.js:98:84
    at async loadComponentsImpl (C:\Users\ujaan\Documents\GitHub\frammer-ai-analytics-platform\node_modules\next\dist\server\load-components.js:98:26)
    at async DevServer.findPageComponentsImpl (C:\Users\ujaan\Documents\GitHub\frammer-ai-analytics-platform\node_modules\next\dist\server\next-server.js:709:36)
    at async DevServer.findPageComponents (C:\Users\ujaan\Documents\GitHub\frammer-ai-analytics-platform\node_modules\next\dist\server\dev\next-dev-server.js:577:20)
    at async DevServer.renderPageComponent (C:\Users\ujaan\Documents\GitHub\frammer-ai-analytics-platform\node_modules\next\dist\server\base-server.js:1897:24)
    at async DevServer.renderToResponseImpl (C:\Users\ujaan\Documents\GitHub\frammer-ai-analytics-platform\node_modules\next\dist\server\base-server.js:1949:32)
    at async DevServer.pipeImpl (C:\Users\ujaan\Documents\GitHub\frammer-ai-analytics-platform\node_modules\next\dist\server\base-server.js:921:25)
    at async NextNodeServer.handleCatchallRenderRequest (C:\Users\ujaan\Documents\GitHub\frammer-ai-analytics-platform\node_modules\next\dist\server\next-server.js:272:17)
    at async DevServer.handleRequestImpl (C:\Users\ujaan\Documents\GitHub\frammer-ai-analytics-platform\node_modules\next\dist\server\base-server.js:817:17)
    at async C:\Users\ujaan\Documents\GitHub\frammer-ai-analytics-platform\node_modules\next\dist\server\dev\next-dev-server.js:339:20
    at async Span.traceAsyncFn (C:\Users\ujaan\Documents\GitHub\frammer-ai-analytics-platform\node_modules\next\dist\trace\trace.js:154:20)
    at async DevServer.handleRequest (C:\Users\ujaan\Documents\GitHub\frammer-ai-analytics-platform\node_modules\next\dist\server\dev\next-dev-server.js:336:24)
    at async invokeRender (C:\Users\ujaan\Documents\GitHub\frammer-ai-analytics-platform\node_modules\next\dist\server\lib\router-server.js:173:21)
    at async handleRequest (C:\Users\ujaan\Documents\GitHub\frammer-ai-analytics-platform\node_modules\next\dist\server\lib\router-server.js:350:24)
    at async requestHandlerImpl (C:\Users\ujaan\Documents\GitHub\frammer-ai-analytics-platform\node_modules\next\dist\server\lib\router-server.js:374:13)
    at async Server.requestListener (C:\Users\ujaan\Documents\GitHub\frammer-ai-analytics-platform\node_modules\next\dist\server\lib\start-server.js:141:13) {
  code: 'MODULE_NOT_FOUND',
  requireStack: [
    'C:\\Users\\ujaan\\Documents\\GitHub\\frammer-ai-analytics-platform\\apps\\web\\.next\\server\\webpack-runtime.js',
    'C:\\Users\\ujaan\\Documents\\GitHub\\frammer-ai-analytics-platform\\apps\\web\\.next\\server\\pages\\_document.js',
    'C:\\Users\\ujaan\\Documents\\GitHub\\frammer-ai-analytics-platform\\node_modules\\next\\dist\\server\\require.js',
    'C:\\Users\\ujaan\\Documents\\GitHub\\frammer-ai-analytics-platform\\node_modules\\next\\dist\\server\\load-components.js',
    'C:\\Users\\ujaan\\Documents\\GitHub\\frammer-ai-analytics-platform\\node_modules\\next\\dist\\build\\utils.js',
    'C:\\Users\\ujaan\\Documents\\GitHub\\frammer-ai-analytics-platform\\node_modules\\next\\dist\\server\\dev\\hot-middleware.js',
    'C:\\Users\\ujaan\\Documents\\GitHub\\frammer-ai-analytics-platform\\node_modules\\next\\dist\\server\\dev\\hot-reloader-webpack.js',
    'C:\\Users\\ujaan\\Documents\\GitHub\\frammer-ai-analytics-platform\\node_modules\\next\\dist\\server\\lib\\router-utils\\setup-dev-bundler.js',
    'C:\\Users\\ujaan\\Documents\\GitHub\\frammer-ai-analytics-platform\\node_modules\\next\\dist\\server\\lib\\router-server.js',
    'C:\\Users\\ujaan\\Documents\\GitHub\\frammer-ai-analytics-platform\\node_modules\\next\\dist\\server\\lib\\start-server.js'
  ],
  page: '/api/analytics/warehouse/catalog'
}
 ⨯ Error: Cannot find module './193.js'
Require stack:
- C:\Users\ujaan\Documents\GitHub\frammer-ai-analytics-platform\apps\web\.next\server\webpack-runtime.js
- C:\Users\ujaan\Documents\GitHub\frammer-ai-analytics-platform\apps\web\.next\server\app\_not-found\page.js
- C:\Users\ujaan\Documents\GitHub\frammer-ai-analytics-platform\node_modules\next\dist\server\require.js
- C:\Users\ujaan\Documents\GitHub\frammer-ai-analytics-platform\node_modules\next\dist\server\load-components.js
- C:\Users\ujaan\Documents\GitHub\frammer-ai-analytics-platform\node_modules\next\dist\build\utils.js
- C:\Users\ujaan\Documents\GitHub\frammer-ai-analytics-platform\node_modules\next\dist\server\dev\hot-middleware.js
- C:\Users\ujaan\Documents\GitHub\frammer-ai-analytics-platform\node_modules\next\dist\server\dev\hot-reloader-webpack.js
- C:\Users\ujaan\Documents\GitHub\frammer-ai-analytics-platform\node_modules\next\dist\server\lib\router-utils\setup-dev-bundler.js
- C:\Users\ujaan\Documents\GitHub\frammer-ai-analytics-platform\node_modules\next\dist\server\lib\router-server.js
- C:\Users\ujaan\Documents\GitHub\frammer-ai-analytics-platform\node_modules\next\dist\server\lib\start-server.js
    at Module.<anonymous> (node:internal/modules/cjs/loader:1500:15)
    at C:\Users\ujaan\Documents\GitHub\frammer-ai-analytics-platform\node_modules\next\dist\server\require-hook.js:55:36
    at wrapResolveFilename (node:internal/modules/cjs/loader:1071:27)
    at defaultResolveImplForCJSLoading (node:internal/modules/cjs/loader:1095:10)
    at resolveForCJSWithHooks (node:internal/modules/cjs/loader:1116:12)
    at Module._load (node:internal/modules/cjs/loader:1285:25)
    at wrapModuleLoad (node:internal/modules/cjs/loader:255:19)
    at Module.<anonymous> (node:internal/modules/cjs/loader:1600:12)
    at mod.require (C:\Users\ujaan\Documents\GitHub\frammer-ai-analytics-platform\node_modules\next\dist\server\require-hook.js:65:28)
    at require (node:internal/modules/helpers:153:16)
    at __webpack_require__.f.require (C:\Users\ujaan\Documents\GitHub\frammer-ai-analytics-platform\apps\web\.next\server\webpack-runtime.js:208:28)
    at C:\Users\ujaan\Documents\GitHub\frammer-ai-analytics-platform\apps\web\.next\server\webpack-runtime.js:116:40
    at Array.reduce (<anonymous>)
    at __webpack_require__.e (C:\Users\ujaan\Documents\GitHub\frammer-ai-analytics-platform\apps\web\.next\server\webpack-runtime.js:115:67)
    at Array.map (<anonymous>)
    at __webpack_require__.X (C:\Users\ujaan\Documents\GitHub\frammer-ai-analytics-platform\apps\web\.next\server\webpack-runtime.js:167:22)
    at C:\Users\ujaan\Documents\GitHub\frammer-ai-analytics-platform\apps\web\.next\server\app\api\analytics\warehouse\query\route.js:1:2096
    at Object.<anonymous> (C:\Users\ujaan\Documents\GitHub\frammer-ai-analytics-platform\apps\web\.next\server\app\api\analytics\warehouse\query\route.js:1:2142)
    at Module._compile (node:internal/modules/cjs/loader:1854:14)
    at Object..js (node:internal/modules/cjs/loader:1985:10)
    at Module.load (node:internal/modules/cjs/loader:1577:32)
    at Module._load (node:internal/modules/cjs/loader:1379:12)
    at wrapModuleLoad (node:internal/modules/cjs/loader:255:19)
    at Module.<anonymous> (node:internal/modules/cjs/loader:1600:12)
    at mod.require (C:\Users\ujaan\Documents\GitHub\frammer-ai-analytics-platform\node_modules\next\dist\server\require-hook.js:65:28)
    at require (node:internal/modules/helpers:153:16)
    at requirePage (C:\Users\ujaan\Documents\GitHub\frammer-ai-analytics-platform\node_modules\next\dist\server\require.js:109:84)
    at C:\Users\ujaan\Documents\GitHub\frammer-ai-analytics-platform\node_modules\next\dist\server\load-components.js:98:84
    at async loadComponentsImpl (C:\Users\ujaan\Documents\GitHub\frammer-ai-analytics-platform\node_modules\next\dist\server\load-components.js:98:26)
    at async DevServer.findPageComponentsImpl (C:\Users\ujaan\Documents\GitHub\frammer-ai-analytics-platform\node_modules\next\dist\server\next-server.js:709:36)
    at async DevServer.findPageComponents (C:\Users\ujaan\Documents\GitHub\frammer-ai-analytics-platform\node_modules\next\dist\server\dev\next-dev-server.js:577:20)
    at async DevServer.renderPageComponent (C:\Users\ujaan\Documents\GitHub\frammer-ai-analytics-platform\node_modules\next\dist\server\base-server.js:1897:24)
    at async DevServer.renderToResponseImpl (C:\Users\ujaan\Documents\GitHub\frammer-ai-analytics-platform\node_modules\next\dist\server\base-server.js:1949:32)
    at async DevServer.pipeImpl (C:\Users\ujaan\Documents\GitHub\frammer-ai-analytics-platform\node_modules\next\dist\server\base-server.js:921:25)
    at async NextNodeServer.handleCatchallRenderRequest (C:\Users\ujaan\Documents\GitHub\frammer-ai-analytics-platform\node_modules\next\dist\server\next-server.js:272:17)
    at async DevServer.handleRequestImpl (C:\Users\ujaan\Documents\GitHub\frammer-ai-analytics-platform\node_modules\next\dist\server\base-server.js:817:17)
    at async C:\Users\ujaan\Documents\GitHub\frammer-ai-analytics-platform\node_modules\next\dist\server\dev\next-dev-server.js:339:20
    at async Span.traceAsyncFn (C:\Users\ujaan\Documents\GitHub\frammer-ai-analytics-platform\node_modules\next\dist\trace\trace.js:154:20)
    at async DevServer.handleRequest (C:\Users\ujaan\Documents\GitHub\frammer-ai-analytics-platform\node_modules\next\dist\server\dev\next-dev-server.js:336:24)
    at async invokeRender (C:\Users\ujaan\Documents\GitHub\frammer-ai-analytics-platform\node_modules\next\dist\server\lib\router-server.js:173:21)
    at async handleRequest (C:\Users\ujaan\Documents\GitHub\frammer-ai-analytics-platform\node_modules\next\dist\server\lib\router-server.js:350:24)
    at async requestHandlerImpl (C:\Users\ujaan\Documents\GitHub\frammer-ai-analytics-platform\node_modules\next\dist\server\lib\router-server.js:374:13)
    at async Server.requestListener (C:\Users\ujaan\Documents\GitHub\frammer-ai-analytics-platform\node_modules\next\dist\server\lib\start-server.js:141:13) {
  code: 'MODULE_NOT_FOUND',
  requireStack: [
    'C:\\Users\\ujaan\\Documents\\GitHub\\frammer-ai-analytics-platform\\apps\\web\\.next\\server\\webpack-runtime.js',
    'C:\\Users\\ujaan\\Documents\\GitHub\\frammer-ai-analytics-platform\\apps\\web\\.next\\server\\app\\_not-found\\page.js',
    'C:\\Users\\ujaan\\Documents\\GitHub\\frammer-ai-analytics-platform\\node_modules\\next\\dist\\server\\require.js',
    'C:\\Users\\ujaan\\Documents\\GitHub\\frammer-ai-analytics-platform\\node_modules\\next\\dist\\server\\load-components.js',
    'C:\\Users\\ujaan\\Documents\\GitHub\\frammer-ai-analytics-platform\\node_modules\\next\\dist\\build\\utils.js',
    'C:\\Users\\ujaan\\Documents\\GitHub\\frammer-ai-analytics-platform\\node_modules\\next\\dist\\server\\dev\\hot-middleware.js',
    'C:\\Users\\ujaan\\Documents\\GitHub\\frammer-ai-analytics-platform\\node_modules\\next\\dist\\server\\dev\\hot-reloader-webpack.js',
    'C:\\Users\\ujaan\\Documents\\GitHub\\frammer-ai-analytics-platform\\node_modules\\next\\dist\\server\\lib\\router-utils\\setup-dev-bundler.js',
    'C:\\Users\\ujaan\\Documents\\GitHub\\frammer-ai-analytics-platform\\node_modules\\next\\dist\\server\\lib\\router-server.js',
    'C:\\Users\\ujaan\\Documents\\GitHub\\frammer-ai-analytics-platform\\node_modules\\next\\dist\\server\\lib\\start-server.js'
  ],
  page: '/api/analytics/warehouse/query'
}
 ⨯ Error: Cannot find module './193.js'
Require stack:
- C:\Users\ujaan\Documents\GitHub\frammer-ai-analytics-platform\apps\web\.next\server\webpack-runtime.js
- C:\Users\ujaan\Documents\GitHub\frammer-ai-analytics-platform\apps\web\.next\server\app\_not-found\page.js
- C:\Users\ujaan\Documents\GitHub\frammer-ai-analytics-platform\node_modules\next\dist\server\require.js
- C:\Users\ujaan\Documents\GitHub\frammer-ai-analytics-platform\node_modules\next\dist\server\load-components.js
- C:\Users\ujaan\Documents\GitHub\frammer-ai-analytics-platform\node_modules\next\dist\build\utils.js
- C:\Users\ujaan\Documents\GitHub\frammer-ai-analytics-platform\node_modules\next\dist\server\dev\hot-middleware.js
- C:\Users\ujaan\Documents\GitHub\frammer-ai-analytics-platform\node_modules\next\dist\server\dev\hot-reloader-webpack.js
- C:\Users\ujaan\Documents\GitHub\frammer-ai-analytics-platform\node_modules\next\dist\server\lib\router-utils\setup-dev-bundler.js
- C:\Users\ujaan\Documents\GitHub\frammer-ai-analytics-platform\node_modules\next\dist\server\lib\router-server.js
- C:\Users\ujaan\Documents\GitHub\frammer-ai-analytics-platform\node_modules\next\dist\server\lib\start-server.js
    at Module.<anonymous> (node:internal/modules/cjs/loader:1500:15)
    at C:\Users\ujaan\Documents\GitHub\frammer-ai-analytics-platform\node_modules\next\dist\server\require-hook.js:55:36
    at wrapResolveFilename (node:internal/modules/cjs/loader:1071:27)
    at defaultResolveImplForCJSLoading (node:internal/modules/cjs/loader:1095:10)
    at resolveForCJSWithHooks (node:internal/modules/cjs/loader:1116:12)
    at Module._load (node:internal/modules/cjs/loader:1285:25)
    at wrapModuleLoad (node:internal/modules/cjs/loader:255:19)
    at Module.<anonymous> (node:internal/modules/cjs/loader:1600:12)
    at mod.require (C:\Users\ujaan\Documents\GitHub\frammer-ai-analytics-platform\node_modules\next\dist\server\require-hook.js:65:28)
    at require (node:internal/modules/helpers:153:16)
    at __webpack_require__.f.require (C:\Users\ujaan\Documents\GitHub\frammer-ai-analytics-platform\apps\web\.next\server\webpack-runtime.js:208:28)
    at C:\Users\ujaan\Documents\GitHub\frammer-ai-analytics-platform\apps\web\.next\server\webpack-runtime.js:116:40
    at Array.reduce (<anonymous>)
    at __webpack_require__.e (C:\Users\ujaan\Documents\GitHub\frammer-ai-analytics-platform\apps\web\.next\server\webpack-runtime.js:115:67)
    at Array.map (<anonymous>)
    at __webpack_require__.X (C:\Users\ujaan\Documents\GitHub\frammer-ai-analytics-platform\apps\web\.next\server\webpack-runtime.js:167:22)
    at C:\Users\ujaan\Documents\GitHub\frammer-ai-analytics-platform\apps\web\.next\server\app\api\analytics\warehouse\query\route.js:1:2096
    at Object.<anonymous> (C:\Users\ujaan\Documents\GitHub\frammer-ai-analytics-platform\apps\web\.next\server\app\api\analytics\warehouse\query\route.js:1:2142)
    at Module._compile (node:internal/modules/cjs/loader:1854:14)
    at Object..js (node:internal/modules/cjs/loader:1985:10)
    at Module.load (node:internal/modules/cjs/loader:1577:32)
    at Module._load (node:internal/modules/cjs/loader:1379:12)
    at wrapModuleLoad (node:internal/modules/cjs/loader:255:19)
    at Module.<anonymous> (node:internal/modules/cjs/loader:1600:12)
    at mod.require (C:\Users\ujaan\Documents\GitHub\frammer-ai-analytics-platform\node_modules\next\dist\server\require-hook.js:65:28)
    at require (node:internal/modules/helpers:153:16)
    at requirePage (C:\Users\ujaan\Documents\GitHub\frammer-ai-analytics-platform\node_modules\next\dist\server\require.js:109:84)
    at C:\Users\ujaan\Documents\GitHub\frammer-ai-analytics-platform\node_modules\next\dist\server\load-components.js:98:84
    at async loadComponentsImpl (C:\Users\ujaan\Documents\GitHub\frammer-ai-analytics-platform\node_modules\next\dist\server\load-components.js:98:26)
    at async DevServer.findPageComponentsImpl (C:\Users\ujaan\Documents\GitHub\frammer-ai-analytics-platform\node_modules\next\dist\server\next-server.js:709:36)
    at async DevServer.findPageComponents (C:\Users\ujaan\Documents\GitHub\frammer-ai-analytics-platform\node_modules\next\dist\server\dev\next-dev-server.js:577:20)
    at async DevServer.renderPageComponent (C:\Users\ujaan\Documents\GitHub\frammer-ai-analytics-platform\node_modules\next\dist\server\base-server.js:1897:24)
    at async DevServer.renderToResponseImpl (C:\Users\ujaan\Documents\GitHub\frammer-ai-analytics-platform\node_modules\next\dist\server\base-server.js:1949:32)
    at async DevServer.pipeImpl (C:\Users\ujaan\Documents\GitHub\frammer-ai-analytics-platform\node_modules\next\dist\server\base-server.js:921:25)
    at async NextNodeServer.handleCatchallRenderRequest (C:\Users\ujaan\Documents\GitHub\frammer-ai-analytics-platform\node_modules\next\dist\server\next-server.js:272:17)
    at async DevServer.handleRequestImpl (C:\Users\ujaan\Documents\GitHub\frammer-ai-analytics-platform\node_modules\next\dist\server\base-server.js:817:17)
    at async C:\Users\ujaan\Documents\GitHub\frammer-ai-analytics-platform\node_modules\next\dist\server\dev\next-dev-server.js:339:20
    at async Span.traceAsyncFn (C:\Users\ujaan\Documents\GitHub\frammer-ai-analytics-platform\node_modules\next\dist\trace\trace.js:154:20)
    at async DevServer.handleRequest (C:\Users\ujaan\Documents\GitHub\frammer-ai-analytics-platform\node_modules\next\dist\server\dev\next-dev-server.js:336:24)
    at async invokeRender (C:\Users\ujaan\Documents\GitHub\frammer-ai-analytics-platform\node_modules\next\dist\server\lib\router-server.js:173:21)
    at async handleRequest (C:\Users\ujaan\Documents\GitHub\frammer-ai-analytics-platform\node_modules\next\dist\server\lib\router-server.js:350:24)
    at async requestHandlerImpl (C:\Users\ujaan\Documents\GitHub\frammer-ai-analytics-platform\node_modules\next\dist\server\lib\router-server.js:374:13)
    at async Server.requestListener (C:\Users\ujaan\Documents\GitHub\frammer-ai-analytics-platform\node_modules\next\dist\server\lib\start-server.js:141:13) {
  code: 'MODULE_NOT_FOUND',
  requireStack: [
    'C:\\Users\\ujaan\\Documents\\GitHub\\frammer-ai-analytics-platform\\apps\\web\\.next\\server\\webpack-runtime.js',
    'C:\\Users\\ujaan\\Documents\\GitHub\\frammer-ai-analytics-platform\\apps\\web\\.next\\server\\app\\_not-found\\page.js',
    'C:\\Users\\ujaan\\Documents\\GitHub\\frammer-ai-analytics-platform\\node_modules\\next\\dist\\server\\require.js',
    'C:\\Users\\ujaan\\Documents\\GitHub\\frammer-ai-analytics-platform\\node_modules\\next\\dist\\server\\load-components.js',
    'C:\\Users\\ujaan\\Documents\\GitHub\\frammer-ai-analytics-platform\\node_modules\\next\\dist\\build\\utils.js',
    'C:\\Users\\ujaan\\Documents\\GitHub\\frammer-ai-analytics-platform\\node_modules\\next\\dist\\server\\dev\\hot-middleware.js',
    'C:\\Users\\ujaan\\Documents\\GitHub\\frammer-ai-analytics-platform\\node_modules\\next\\dist\\server\\dev\\hot-reloader-webpack.js',
    'C:\\Users\\ujaan\\Documents\\GitHub\\frammer-ai-analytics-platform\\node_modules\\next\\dist\\server\\lib\\router-utils\\setup-dev-bundler.js',
    'C:\\Users\\ujaan\\Documents\\GitHub\\frammer-ai-analytics-platform\\node_modules\\next\\dist\\server\\lib\\router-server.js',
    'C:\\Users\\ujaan\\Documents\\GitHub\\frammer-ai-analytics-platform\\node_modules\\next\\dist\\server\\lib\\start-server.js'
  ],
  page: '/api/analytics/warehouse/query'
}
 ⨯ Error: Cannot find module './193.js'
Require stack:
- C:\Users\ujaan\Documents\GitHub\frammer-ai-analytics-platform\apps\web\.next\server\webpack-runtime.js
- C:\Users\ujaan\Documents\GitHub\frammer-ai-analytics-platform\apps\web\.next\server\app\_not-found\page.js
- C:\Users\ujaan\Documents\GitHub\frammer-ai-analytics-platform\node_modules\next\dist\server\require.js
- C:\Users\ujaan\Documents\GitHub\frammer-ai-analytics-platform\node_modules\next\dist\server\load-components.js
- C:\Users\ujaan\Documents\GitHub\frammer-ai-analytics-platform\node_modules\next\dist\build\utils.js
- C:\Users\ujaan\Documents\GitHub\frammer-ai-analytics-platform\node_modules\next\dist\server\dev\hot-middleware.js
- C:\Users\ujaan\Documents\GitHub\frammer-ai-analytics-platform\node_modules\next\dist\server\dev\hot-reloader-webpack.js
- C:\Users\ujaan\Documents\GitHub\frammer-ai-analytics-platform\node_modules\next\dist\server\lib\router-utils\setup-dev-bundler.js
- C:\Users\ujaan\Documents\GitHub\frammer-ai-analytics-platform\node_modules\next\dist\server\lib\router-server.js
- C:\Users\ujaan\Documents\GitHub\frammer-ai-analytics-platform\node_modules\next\dist\server\lib\start-server.js
    at Module.<anonymous> (node:internal/modules/cjs/loader:1500:15)
    at C:\Users\ujaan\Documents\GitHub\frammer-ai-analytics-platform\node_modules\next\dist\server\require-hook.js:55:36
    at wrapResolveFilename (node:internal/modules/cjs/loader:1071:27)
    at defaultResolveImplForCJSLoading (node:internal/modules/cjs/loader:1095:10)
    at resolveForCJSWithHooks (node:internal/modules/cjs/loader:1116:12)
    at Module._load (node:internal/modules/cjs/loader:1285:25)
    at wrapModuleLoad (node:internal/modules/cjs/loader:255:19)
    at Module.<anonymous> (node:internal/modules/cjs/loader:1600:12)
    at mod.require (C:\Users\ujaan\Documents\GitHub\frammer-ai-analytics-platform\node_modules\next\dist\server\require-hook.js:65:28)
    at require (node:internal/modules/helpers:153:16)
    at __webpack_require__.f.require (C:\Users\ujaan\Documents\GitHub\frammer-ai-analytics-platform\apps\web\.next\server\webpack-runtime.js:208:28)
    at C:\Users\ujaan\Documents\GitHub\frammer-ai-analytics-platform\apps\web\.next\server\webpack-runtime.js:116:40
    at Array.reduce (<anonymous>)
    at __webpack_require__.e (C:\Users\ujaan\Documents\GitHub\frammer-ai-analytics-platform\apps\web\.next\server\webpack-runtime.js:115:67)
    at Array.map (<anonymous>)
    at __webpack_require__.X (C:\Users\ujaan\Documents\GitHub\frammer-ai-analytics-platform\apps\web\.next\server\webpack-runtime.js:167:22)
    at C:\Users\ujaan\Documents\GitHub\frammer-ai-analytics-platform\apps\web\.next\server\app\api\analytics\warehouse\query\route.js:1:2096
    at Object.<anonymous> (C:\Users\ujaan\Documents\GitHub\frammer-ai-analytics-platform\apps\web\.next\server\app\api\analytics\warehouse\query\route.js:1:2142)
    at Module._compile (node:internal/modules/cjs/loader:1854:14)
    at Object..js (node:internal/modules/cjs/loader:1985:10)
    at Module.load (node:internal/modules/cjs/loader:1577:32)
    at Module._load (node:internal/modules/cjs/loader:1379:12)
    at wrapModuleLoad (node:internal/modules/cjs/loader:255:19)
    at Module.<anonymous> (node:internal/modules/cjs/loader:1600:12)
    at mod.require (C:\Users\ujaan\Documents\GitHub\frammer-ai-analytics-platform\node_modules\next\dist\server\require-hook.js:65:28)
    at require (node:internal/modules/helpers:153:16)
    at requirePage (C:\Users\ujaan\Documents\GitHub\frammer-ai-analytics-platform\node_modules\next\dist\server\require.js:109:84)
    at C:\Users\ujaan\Documents\GitHub\frammer-ai-analytics-platform\node_modules\next\dist\server\load-components.js:98:84
    at async loadComponentsImpl (C:\Users\ujaan\Documents\GitHub\frammer-ai-analytics-platform\node_modules\next\dist\server\load-components.js:98:26)
    at async DevServer.findPageComponentsImpl (C:\Users\ujaan\Documents\GitHub\frammer-ai-analytics-platform\node_modules\next\dist\server\next-server.js:709:36)
    at async DevServer.findPageComponents (C:\Users\ujaan\Documents\GitHub\frammer-ai-analytics-platform\node_modules\next\dist\server\dev\next-dev-server.js:577:20)
    at async DevServer.renderPageComponent (C:\Users\ujaan\Documents\GitHub\frammer-ai-analytics-platform\node_modules\next\dist\server\base-server.js:1897:24)
    at async DevServer.renderToResponseImpl (C:\Users\ujaan\Documents\GitHub\frammer-ai-analytics-platform\node_modules\next\dist\server\base-server.js:1949:32)
    at async DevServer.pipeImpl (C:\Users\ujaan\Documents\GitHub\frammer-ai-analytics-platform\node_modules\next\dist\server\base-server.js:921:25)
    at async NextNodeServer.handleCatchallRenderRequest (C:\Users\ujaan\Documents\GitHub\frammer-ai-analytics-platform\node_modules\next\dist\server\next-server.js:272:17)
    at async DevServer.handleRequestImpl (C:\Users\ujaan\Documents\GitHub\frammer-ai-analytics-platform\node_modules\next\dist\server\base-server.js:817:17)
    at async C:\Users\ujaan\Documents\GitHub\frammer-ai-analytics-platform\node_modules\next\dist\server\dev\next-dev-server.js:339:20
    at async Span.traceAsyncFn (C:\Users\ujaan\Documents\GitHub\frammer-ai-analytics-platform\node_modules\next\dist\trace\trace.js:154:20)
    at async DevServer.handleRequest (C:\Users\ujaan\Documents\GitHub\frammer-ai-analytics-platform\node_modules\next\dist\server\dev\next-dev-server.js:336:24)
    at async invokeRender (C:\Users\ujaan\Documents\GitHub\frammer-ai-analytics-platform\node_modules\next\dist\server\lib\router-server.js:173:21)
    at async handleRequest (C:\Users\ujaan\Documents\GitHub\frammer-ai-analytics-platform\node_modules\next\dist\server\lib\router-server.js:350:24)
    at async requestHandlerImpl (C:\Users\ujaan\Documents\GitHub\frammer-ai-analytics-platform\node_modules\next\dist\server\lib\router-server.js:374:13)
    at async Server.requestListener (C:\Users\ujaan\Documents\GitHub\frammer-ai-analytics-platform\node_modules\next\dist\server\lib\start-server.js:141:13) {
  code: 'MODULE_NOT_FOUND',
  requireStack: [
    'C:\\Users\\ujaan\\Documents\\GitHub\\frammer-ai-analytics-platform\\apps\\web\\.next\\server\\webpack-runtime.js',
    'C:\\Users\\ujaan\\Documents\\GitHub\\frammer-ai-analytics-platform\\apps\\web\\.next\\server\\app\\_not-found\\page.js',
    'C:\\Users\\ujaan\\Documents\\GitHub\\frammer-ai-analytics-platform\\node_modules\\next\\dist\\server\\require.js',
    'C:\\Users\\ujaan\\Documents\\GitHub\\frammer-ai-analytics-platform\\node_modules\\next\\dist\\server\\load-components.js',
    'C:\\Users\\ujaan\\Documents\\GitHub\\frammer-ai-analytics-platform\\node_modules\\next\\dist\\build\\utils.js',
    'C:\\Users\\ujaan\\Documents\\GitHub\\frammer-ai-analytics-platform\\node_modules\\next\\dist\\server\\dev\\hot-middleware.js',
    'C:\\Users\\ujaan\\Documents\\GitHub\\frammer-ai-analytics-platform\\node_modules\\next\\dist\\server\\dev\\hot-reloader-webpack.js',
    'C:\\Users\\ujaan\\Documents\\GitHub\\frammer-ai-analytics-platform\\node_modules\\next\\dist\\server\\lib\\router-utils\\setup-dev-bundler.js',
    'C:\\Users\\ujaan\\Documents\\GitHub\\frammer-ai-analytics-platform\\node_modules\\next\\dist\\server\\lib\\router-server.js',
    'C:\\Users\\ujaan\\Documents\\GitHub\\frammer-ai-analytics-platform\\node_modules\\next\\dist\\server\\lib\\start-server.js'
  ],
  page: '/api/analytics/warehouse/query'
}
 ⨯ Error: Cannot find module './193.js'
Require stack:
- C:\Users\ujaan\Documents\GitHub\frammer-ai-analytics-platform\apps\web\.next\server\webpack-runtime.js
- C:\Users\ujaan\Documents\GitHub\frammer-ai-analytics-platform\apps\web\.next\server\app\_not-found\page.js
- C:\Users\ujaan\Documents\GitHub\frammer-ai-analytics-platform\node_modules\next\dist\server\require.js
- C:\Users\ujaan\Documents\GitHub\frammer-ai-analytics-platform\node_modules\next\dist\server\load-components.js
- C:\Users\ujaan\Documents\GitHub\frammer-ai-analytics-platform\node_modules\next\dist\build\utils.js
- C:\Users\ujaan\Documents\GitHub\frammer-ai-analytics-platform\node_modules\next\dist\server\dev\hot-middleware.js
- C:\Users\ujaan\Documents\GitHub\frammer-ai-analytics-platform\node_modules\next\dist\server\dev\hot-reloader-webpack.js
- C:\Users\ujaan\Documents\GitHub\frammer-ai-analytics-platform\node_modules\next\dist\server\lib\router-utils\setup-dev-bundler.js
- C:\Users\ujaan\Documents\GitHub\frammer-ai-analytics-platform\node_modules\next\dist\server\lib\router-server.js
- C:\Users\ujaan\Documents\GitHub\frammer-ai-analytics-platform\node_modules\next\dist\server\lib\start-server.js
    at Module.<anonymous> (node:internal/modules/cjs/loader:1500:15)
    at C:\Users\ujaan\Documents\GitHub\frammer-ai-analytics-platform\node_modules\next\dist\server\require-hook.js:55:36
    at wrapResolveFilename (node:internal/modules/cjs/loader:1071:27)
    at defaultResolveImplForCJSLoading (node:internal/modules/cjs/loader:1095:10)
    at resolveForCJSWithHooks (node:internal/modules/cjs/loader:1116:12)
    at Module._load (node:internal/modules/cjs/loader:1285:25)
    at wrapModuleLoad (node:internal/modules/cjs/loader:255:19)
    at Module.<anonymous> (node:internal/modules/cjs/loader:1600:12)
    at mod.require (C:\Users\ujaan\Documents\GitHub\frammer-ai-analytics-platform\node_modules\next\dist\server\require-hook.js:65:28)
    at require (node:internal/modules/helpers:153:16)
    at __webpack_require__.f.require (C:\Users\ujaan\Documents\GitHub\frammer-ai-analytics-platform\apps\web\.next\server\webpack-runtime.js:208:28)
    at C:\Users\ujaan\Documents\GitHub\frammer-ai-analytics-platform\apps\web\.next\server\webpack-runtime.js:116:40
    at Array.reduce (<anonymous>)
    at __webpack_require__.e (C:\Users\ujaan\Documents\GitHub\frammer-ai-analytics-platform\apps\web\.next\server\webpack-runtime.js:115:67)
    at Array.map (<anonymous>)
    at __webpack_require__.X (C:\Users\ujaan\Documents\GitHub\frammer-ai-analytics-platform\apps\web\.next\server\webpack-runtime.js:167:22)
    at C:\Users\ujaan\Documents\GitHub\frammer-ai-analytics-platform\apps\web\.next\server\app\api\analytics\warehouse\query\route.js:1:2096
    at Object.<anonymous> (C:\Users\ujaan\Documents\GitHub\frammer-ai-analytics-platform\apps\web\.next\server\app\api\analytics\warehouse\query\route.js:1:2142)
    at Module._compile (node:internal/modules/cjs/loader:1854:14)
    at Object..js (node:internal/modules/cjs/loader:1985:10)
    at Module.load (node:internal/modules/cjs/loader:1577:32)
    at Module._load (node:internal/modules/cjs/loader:1379:12)
    at wrapModuleLoad (node:internal/modules/cjs/loader:255:19)
    at Module.<anonymous> (node:internal/modules/cjs/loader:1600:12)
    at mod.require (C:\Users\ujaan\Documents\GitHub\frammer-ai-analytics-platform\node_modules\next\dist\server\require-hook.js:65:28)
    at require (node:internal/modules/helpers:153:16)
    at requirePage (C:\Users\ujaan\Documents\GitHub\frammer-ai-analytics-platform\node_modules\next\dist\server\require.js:109:84)
    at C:\Users\ujaan\Documents\GitHub\frammer-ai-analytics-platform\node_modules\next\dist\server\load-components.js:98:84
    at async loadComponentsImpl (C:\Users\ujaan\Documents\GitHub\frammer-ai-analytics-platform\node_modules\next\dist\server\load-components.js:98:26)
    at async DevServer.findPageComponentsImpl (C:\Users\ujaan\Documents\GitHub\frammer-ai-analytics-platform\node_modules\next\dist\server\next-server.js:709:36)
    at async DevServer.findPageComponents (C:\Users\ujaan\Documents\GitHub\frammer-ai-analytics-platform\node_modules\next\dist\server\dev\next-dev-server.js:577:20)
    at async DevServer.renderPageComponent (C:\Users\ujaan\Documents\GitHub\frammer-ai-analytics-platform\node_modules\next\dist\server\base-server.js:1897:24)
    at async DevServer.renderToResponseImpl (C:\Users\ujaan\Documents\GitHub\frammer-ai-analytics-platform\node_modules\next\dist\server\base-server.js:1949:32)
    at async DevServer.pipeImpl (C:\Users\ujaan\Documents\GitHub\frammer-ai-analytics-platform\node_modules\next\dist\server\base-server.js:921:25)
    at async NextNodeServer.handleCatchallRenderRequest (C:\Users\ujaan\Documents\GitHub\frammer-ai-analytics-platform\node_modules\next\dist\server\next-server.js:272:17)
    at async DevServer.handleRequestImpl (C:\Users\ujaan\Documents\GitHub\frammer-ai-analytics-platform\node_modules\next\dist\server\base-server.js:817:17)
    at async C:\Users\ujaan\Documents\GitHub\frammer-ai-analytics-platform\node_modules\next\dist\server\dev\next-dev-server.js:339:20
    at async Span.traceAsyncFn (C:\Users\ujaan\Documents\GitHub\frammer-ai-analytics-platform\node_modules\next\dist\trace\trace.js:154:20)
    at async DevServer.handleRequest (C:\Users\ujaan\Documents\GitHub\frammer-ai-analytics-platform\node_modules\next\dist\server\dev\next-dev-server.js:336:24)
    at async invokeRender (C:\Users\ujaan\Documents\GitHub\frammer-ai-analytics-platform\node_modules\next\dist\server\lib\router-server.js:173:21)
    at async handleRequest (C:\Users\ujaan\Documents\GitHub\frammer-ai-analytics-platform\node_modules\next\dist\server\lib\router-server.js:350:24)
    at async requestHandlerImpl (C:\Users\ujaan\Documents\GitHub\frammer-ai-analytics-platform\node_modules\next\dist\server\lib\router-server.js:374:13)
    at async Server.requestListener (C:\Users\ujaan\Documents\GitHub\frammer-ai-analytics-platform\node_modules\next\dist\server\lib\start-server.js:141:13) {
  code: 'MODULE_NOT_FOUND',
  requireStack: [
    'C:\\Users\\ujaan\\Documents\\GitHub\\frammer-ai-analytics-platform\\apps\\web\\.next\\server\\webpack-runtime.js',
    'C:\\Users\\ujaan\\Documents\\GitHub\\frammer-ai-analytics-platform\\apps\\web\\.next\\server\\app\\_not-found\\page.js',
    'C:\\Users\\ujaan\\Documents\\GitHub\\frammer-ai-analytics-platform\\node_modules\\next\\dist\\server\\require.js',
    'C:\\Users\\ujaan\\Documents\\GitHub\\frammer-ai-analytics-platform\\node_modules\\next\\dist\\server\\load-components.js',
    'C:\\Users\\ujaan\\Documents\\GitHub\\frammer-ai-analytics-platform\\node_modules\\next\\dist\\build\\utils.js',
    'C:\\Users\\ujaan\\Documents\\GitHub\\frammer-ai-analytics-platform\\node_modules\\next\\dist\\server\\dev\\hot-middleware.js',
    'C:\\Users\\ujaan\\Documents\\GitHub\\frammer-ai-analytics-platform\\node_modules\\next\\dist\\server\\dev\\hot-reloader-webpack.js',
    'C:\\Users\\ujaan\\Documents\\GitHub\\frammer-ai-analytics-platform\\node_modules\\next\\dist\\server\\lib\\router-utils\\setup-dev-bundler.js',
    'C:\\Users\\ujaan\\Documents\\GitHub\\frammer-ai-analytics-platform\\node_modules\\next\\dist\\server\\lib\\router-server.js',
    'C:\\Users\\ujaan\\Documents\\GitHub\\frammer-ai-analytics-platform\\node_modules\\next\\dist\\server\\lib\\start-server.js'
  ],
  page: '/api/analytics/warehouse/query'
}
 ⨯ Error: Cannot find module './193.js'
Require stack:
- C:\Users\ujaan\Documents\GitHub\frammer-ai-analytics-platform\apps\web\.next\server\webpack-runtime.js
- C:\Users\ujaan\Documents\GitHub\frammer-ai-analytics-platform\apps\web\.next\server\app\_not-found\page.js
- C:\Users\ujaan\Documents\GitHub\frammer-ai-analytics-platform\node_modules\next\dist\server\require.js
- C:\Users\ujaan\Documents\GitHub\frammer-ai-analytics-platform\node_modules\next\dist\server\load-components.js
- C:\Users\ujaan\Documents\GitHub\frammer-ai-analytics-platform\node_modules\next\dist\build\utils.js
- C:\Users\ujaan\Documents\GitHub\frammer-ai-analytics-platform\node_modules\next\dist\server\dev\hot-middleware.js
- C:\Users\ujaan\Documents\GitHub\frammer-ai-analytics-platform\node_modules\next\dist\server\dev\hot-reloader-webpack.js
- C:\Users\ujaan\Documents\GitHub\frammer-ai-analytics-platform\node_modules\next\dist\server\lib\router-utils\setup-dev-bundler.js
- C:\Users\ujaan\Documents\GitHub\frammer-ai-analytics-platform\node_modules\next\dist\server\lib\router-server.js
- C:\Users\ujaan\Documents\GitHub\frammer-ai-analytics-platform\node_modules\next\dist\server\lib\start-server.js
    at Module.<anonymous> (node:internal/modules/cjs/loader:1500:15)
    at C:\Users\ujaan\Documents\GitHub\frammer-ai-analytics-platform\node_modules\next\dist\server\require-hook.js:55:36
    at wrapResolveFilename (node:internal/modules/cjs/loader:1071:27)
    at defaultResolveImplForCJSLoading (node:internal/modules/cjs/loader:1095:10)
    at resolveForCJSWithHooks (node:internal/modules/cjs/loader:1116:12)
    at Module._load (node:internal/modules/cjs/loader:1285:25)
    at wrapModuleLoad (node:internal/modules/cjs/loader:255:19)
    at Module.<anonymous> (node:internal/modules/cjs/loader:1600:12)
    at mod.require (C:\Users\ujaan\Documents\GitHub\frammer-ai-analytics-platform\node_modules\next\dist\server\require-hook.js:65:28)
    at require (node:internal/modules/helpers:153:16)
    at __webpack_require__.f.require (C:\Users\ujaan\Documents\GitHub\frammer-ai-analytics-platform\apps\web\.next\server\webpack-runtime.js:208:28)
    at C:\Users\ujaan\Documents\GitHub\frammer-ai-analytics-platform\apps\web\.next\server\webpack-runtime.js:116:40
    at Array.reduce (<anonymous>)
    at __webpack_require__.e (C:\Users\ujaan\Documents\GitHub\frammer-ai-analytics-platform\apps\web\.next\server\webpack-runtime.js:115:67)
    at Array.map (<anonymous>)
    at __webpack_require__.X (C:\Users\ujaan\Documents\GitHub\frammer-ai-analytics-platform\apps\web\.next\server\webpack-runtime.js:167:22)
    at C:\Users\ujaan\Documents\GitHub\frammer-ai-analytics-platform\apps\web\.next\server\app\api\analytics\warehouse\query\route.js:1:2096
    at Object.<anonymous> (C:\Users\ujaan\Documents\GitHub\frammer-ai-analytics-platform\apps\web\.next\server\app\api\analytics\warehouse\query\route.js:1:2142)
    at Module._compile (node:internal/modules/cjs/loader:1854:14)
    at Object..js (node:internal/modules/cjs/loader:1985:10)
    at Module.load (node:internal/modules/cjs/loader:1577:32)
    at Module._load (node:internal/modules/cjs/loader:1379:12)
    at wrapModuleLoad (node:internal/modules/cjs/loader:255:19)
    at Module.<anonymous> (node:internal/modules/cjs/loader:1600:12)
    at mod.require (C:\Users\ujaan\Documents\GitHub\frammer-ai-analytics-platform\node_modules\next\dist\server\require-hook.js:65:28)
    at require (node:internal/modules/helpers:153:16)
    at requirePage (C:\Users\ujaan\Documents\GitHub\frammer-ai-analytics-platform\node_modules\next\dist\server\require.js:109:84)
    at C:\Users\ujaan\Documents\GitHub\frammer-ai-analytics-platform\node_modules\next\dist\server\load-components.js:98:84
    at async loadComponentsImpl (C:\Users\ujaan\Documents\GitHub\frammer-ai-analytics-platform\node_modules\next\dist\server\load-components.js:98:26)
    at async DevServer.findPageComponentsImpl (C:\Users\ujaan\Documents\GitHub\frammer-ai-analytics-platform\node_modules\next\dist\server\next-server.js:709:36)
    at async DevServer.findPageComponents (C:\Users\ujaan\Documents\GitHub\frammer-ai-analytics-platform\node_modules\next\dist\server\dev\next-dev-server.js:577:20)
    at async DevServer.renderPageComponent (C:\Users\ujaan\Documents\GitHub\frammer-ai-analytics-platform\node_modules\next\dist\server\base-server.js:1897:24)
    at async DevServer.renderToResponseImpl (C:\Users\ujaan\Documents\GitHub\frammer-ai-analytics-platform\node_modules\next\dist\server\base-server.js:1949:32)
    at async DevServer.pipeImpl (C:\Users\ujaan\Documents\GitHub\frammer-ai-analytics-platform\node_modules\next\dist\server\base-server.js:921:25)
    at async NextNodeServer.handleCatchallRenderRequest (C:\Users\ujaan\Documents\GitHub\frammer-ai-analytics-platform\node_modules\next\dist\server\next-server.js:272:17)
    at async DevServer.handleRequestImpl (C:\Users\ujaan\Documents\GitHub\frammer-ai-analytics-platform\node_modules\next\dist\server\base-server.js:817:17)
    at async C:\Users\ujaan\Documents\GitHub\frammer-ai-analytics-platform\node_modules\next\dist\server\dev\next-dev-server.js:339:20
    at async Span.traceAsyncFn (C:\Users\ujaan\Documents\GitHub\frammer-ai-analytics-platform\node_modules\next\dist\trace\trace.js:154:20)
    at async DevServer.handleRequest (C:\Users\ujaan\Documents\GitHub\frammer-ai-analytics-platform\node_modules\next\dist\server\dev\next-dev-server.js:336:24)
    at async invokeRender (C:\Users\ujaan\Documents\GitHub\frammer-ai-analytics-platform\node_modules\next\dist\server\lib\router-server.js:173:21)
    at async handleRequest (C:\Users\ujaan\Documents\GitHub\frammer-ai-analytics-platform\node_modules\next\dist\server\lib\router-server.js:350:24)
    at async requestHandlerImpl (C:\Users\ujaan\Documents\GitHub\frammer-ai-analytics-platform\node_modules\next\dist\server\lib\router-server.js:374:13)
    at async Server.requestListener (C:\Users\ujaan\Documents\GitHub\frammer-ai-analytics-platform\node_modules\next\dist\server\lib\start-server.js:141:13) {
  code: 'MODULE_NOT_FOUND',
  requireStack: [
    'C:\\Users\\ujaan\\Documents\\GitHub\\frammer-ai-analytics-platform\\apps\\web\\.next\\server\\webpack-runtime.js',
    'C:\\Users\\ujaan\\Documents\\GitHub\\frammer-ai-analytics-platform\\apps\\web\\.next\\server\\app\\_not-found\\page.js',
    'C:\\Users\\ujaan\\Documents\\GitHub\\frammer-ai-analytics-platform\\node_modules\\next\\dist\\server\\require.js',
    'C:\\Users\\ujaan\\Documents\\GitHub\\frammer-ai-analytics-platform\\node_modules\\next\\dist\\server\\load-components.js',
    'C:\\Users\\ujaan\\Documents\\GitHub\\frammer-ai-analytics-platform\\node_modules\\next\\dist\\build\\utils.js',
    'C:\\Users\\ujaan\\Documents\\GitHub\\frammer-ai-analytics-platform\\node_modules\\next\\dist\\server\\dev\\hot-middleware.js',
    'C:\\Users\\ujaan\\Documents\\GitHub\\frammer-ai-analytics-platform\\node_modules\\next\\dist\\server\\dev\\hot-reloader-webpack.js',
    'C:\\Users\\ujaan\\Documents\\GitHub\\frammer-ai-analytics-platform\\node_modules\\next\\dist\\server\\lib\\router-utils\\setup-dev-bundler.js',
    'C:\\Users\\ujaan\\Documents\\GitHub\\frammer-ai-analytics-platform\\node_modules\\next\\dist\\server\\lib\\router-server.js',
    'C:\\Users\\ujaan\\Documents\\GitHub\\frammer-ai-analytics-platform\\node_modules\\next\\dist\\server\\lib\\start-server.js'
  ],
  page: '/api/analytics/warehouse/query'
}
 ⨯ Error: Cannot find module './193.js'
Require stack:
- C:\Users\ujaan\Documents\GitHub\frammer-ai-analytics-platform\apps\web\.next\server\webpack-runtime.js
- C:\Users\ujaan\Documents\GitHub\frammer-ai-analytics-platform\apps\web\.next\server\app\_not-found\page.js
- C:\Users\ujaan\Documents\GitHub\frammer-ai-analytics-platform\node_modules\next\dist\server\require.js
- C:\Users\ujaan\Documents\GitHub\frammer-ai-analytics-platform\node_modules\next\dist\server\load-components.js
- C:\Users\ujaan\Documents\GitHub\frammer-ai-analytics-platform\node_modules\next\dist\build\utils.js
- C:\Users\ujaan\Documents\GitHub\frammer-ai-analytics-platform\node_modules\next\dist\server\dev\hot-middleware.js
- C:\Users\ujaan\Documents\GitHub\frammer-ai-analytics-platform\node_modules\next\dist\server\dev\hot-reloader-webpack.js
- C:\Users\ujaan\Documents\GitHub\frammer-ai-analytics-platform\node_modules\next\dist\server\lib\router-utils\setup-dev-bundler.js
- C:\Users\ujaan\Documents\GitHub\frammer-ai-analytics-platform\node_modules\next\dist\server\lib\router-server.js
- C:\Users\ujaan\Documents\GitHub\frammer-ai-analytics-platform\node_modules\next\dist\server\lib\start-server.js
    at Module.<anonymous> (node:internal/modules/cjs/loader:1500:15)
    at C:\Users\ujaan\Documents\GitHub\frammer-ai-analytics-platform\node_modules\next\dist\server\require-hook.js:55:36
    at wrapResolveFilename (node:internal/modules/cjs/loader:1071:27)
    at defaultResolveImplForCJSLoading (node:internal/modules/cjs/loader:1095:10)
    at resolveForCJSWithHooks (node:internal/modules/cjs/loader:1116:12)
    at Module._load (node:internal/modules/cjs/loader:1285:25)
    at wrapModuleLoad (node:internal/modules/cjs/loader:255:19)
    at Module.<anonymous> (node:internal/modules/cjs/loader:1600:12)
    at mod.require (C:\Users\ujaan\Documents\GitHub\frammer-ai-analytics-platform\node_modules\next\dist\server\require-hook.js:65:28)
    at require (node:internal/modules/helpers:153:16)
    at __webpack_require__.f.require (C:\Users\ujaan\Documents\GitHub\frammer-ai-analytics-platform\apps\web\.next\server\webpack-runtime.js:208:28)
    at C:\Users\ujaan\Documents\GitHub\frammer-ai-analytics-platform\apps\web\.next\server\webpack-runtime.js:116:40
    at Array.reduce (<anonymous>)
    at __webpack_require__.e (C:\Users\ujaan\Documents\GitHub\frammer-ai-analytics-platform\apps\web\.next\server\webpack-runtime.js:115:67)
    at Array.map (<anonymous>)
    at __webpack_require__.X (C:\Users\ujaan\Documents\GitHub\frammer-ai-analytics-platform\apps\web\.next\server\webpack-runtime.js:167:22)
    at C:\Users\ujaan\Documents\GitHub\frammer-ai-analytics-platform\apps\web\.next\server\app\api\analytics\warehouse\catalog\route.js:1:2106
    at Object.<anonymous> (C:\Users\ujaan\Documents\GitHub\frammer-ai-analytics-platform\apps\web\.next\server\app\api\analytics\warehouse\catalog\route.js:1:2152)
    at Module._compile (node:internal/modules/cjs/loader:1854:14)
    at Object..js (node:internal/modules/cjs/loader:1985:10)
    at Module.load (node:internal/modules/cjs/loader:1577:32)
    at Module._load (node:internal/modules/cjs/loader:1379:12)
    at wrapModuleLoad (node:internal/modules/cjs/loader:255:19)
    at Module.<anonymous> (node:internal/modules/cjs/loader:1600:12)
    at mod.require (C:\Users\ujaan\Documents\GitHub\frammer-ai-analytics-platform\node_modules\next\dist\server\require-hook.js:65:28)
    at require (node:internal/modules/helpers:153:16)
    at requirePage (C:\Users\ujaan\Documents\GitHub\frammer-ai-analytics-platform\node_modules\next\dist\server\require.js:109:84)
    at C:\Users\ujaan\Documents\GitHub\frammer-ai-analytics-platform\node_modules\next\dist\server\load-components.js:98:84
    at async loadComponentsImpl (C:\Users\ujaan\Documents\GitHub\frammer-ai-analytics-platform\node_modules\next\dist\server\load-components.js:98:26)
    at async DevServer.findPageComponentsImpl (C:\Users\ujaan\Documents\GitHub\frammer-ai-analytics-platform\node_modules\next\dist\server\next-server.js:709:36)
    at async DevServer.findPageComponents (C:\Users\ujaan\Documents\GitHub\frammer-ai-analytics-platform\node_modules\next\dist\server\dev\next-dev-server.js:577:20)
    at async DevServer.renderPageComponent (C:\Users\ujaan\Documents\GitHub\frammer-ai-analytics-platform\node_modules\next\dist\server\base-server.js:1897:24)
    at async DevServer.renderToResponseImpl (C:\Users\ujaan\Documents\GitHub\frammer-ai-analytics-platform\node_modules\next\dist\server\base-server.js:1949:32)
    at async DevServer.pipeImpl (C:\Users\ujaan\Documents\GitHub\frammer-ai-analytics-platform\node_modules\next\dist\server\base-server.js:921:25)
    at async NextNodeServer.handleCatchallRenderRequest (C:\Users\ujaan\Documents\GitHub\frammer-ai-analytics-platform\node_modules\next\dist\server\next-server.js:272:17)
    at async DevServer.handleRequestImpl (C:\Users\ujaan\Documents\GitHub\frammer-ai-analytics-platform\node_modules\next\dist\server\base-server.js:817:17)
    at async C:\Users\ujaan\Documents\GitHub\frammer-ai-analytics-platform\node_modules\next\dist\server\dev\next-dev-server.js:339:20
    at async Span.traceAsyncFn (C:\Users\ujaan\Documents\GitHub\frammer-ai-analytics-platform\node_modules\next\dist\trace\trace.js:154:20)
    at async DevServer.handleRequest (C:\Users\ujaan\Documents\GitHub\frammer-ai-analytics-platform\node_modules\next\dist\server\dev\next-dev-server.js:336:24)
    at async invokeRender (C:\Users\ujaan\Documents\GitHub\frammer-ai-analytics-platform\node_modules\next\dist\server\lib\router-server.js:173:21)
    at async handleRequest (C:\Users\ujaan\Documents\GitHub\frammer-ai-analytics-platform\node_modules\next\dist\server\lib\router-server.js:350:24)
    at async requestHandlerImpl (C:\Users\ujaan\Documents\GitHub\frammer-ai-analytics-platform\node_modules\next\dist\server\lib\router-server.js:374:13)
    at async Server.requestListener (C:\Users\ujaan\Documents\GitHub\frammer-ai-analytics-platform\node_modules\next\dist\server\lib\start-server.js:141:13) {
  code: 'MODULE_NOT_FOUND',
  requireStack: [
    'C:\\Users\\ujaan\\Documents\\GitHub\\frammer-ai-analytics-platform\\apps\\web\\.next\\server\\webpack-runtime.js',
    'C:\\Users\\ujaan\\Documents\\GitHub\\frammer-ai-analytics-platform\\apps\\web\\.next\\server\\app\\_not-found\\page.js',
    'C:\\Users\\ujaan\\Documents\\GitHub\\frammer-ai-analytics-platform\\node_modules\\next\\dist\\server\\require.js',
    'C:\\Users\\ujaan\\Documents\\GitHub\\frammer-ai-analytics-platform\\node_modules\\next\\dist\\server\\load-components.js',
    'C:\\Users\\ujaan\\Documents\\GitHub\\frammer-ai-analytics-platform\\node_modules\\next\\dist\\build\\utils.js',
    'C:\\Users\\ujaan\\Documents\\GitHub\\frammer-ai-analytics-platform\\node_modules\\next\\dist\\server\\dev\\hot-middleware.js',
    'C:\\Users\\ujaan\\Documents\\GitHub\\frammer-ai-analytics-platform\\node_modules\\next\\dist\\server\\dev\\hot-reloader-webpack.js',
    'C:\\Users\\ujaan\\Documents\\GitHub\\frammer-ai-analytics-platform\\node_modules\\next\\dist\\server\\lib\\router-utils\\setup-dev-bundler.js',
    'C:\\Users\\ujaan\\Documents\\GitHub\\frammer-ai-analytics-platform\\node_modules\\next\\dist\\server\\lib\\router-server.js',
    'C:\\Users\\ujaan\\Documents\\GitHub\\frammer-ai-analytics-platform\\node_modules\\next\\dist\\server\\lib\\start-server.js'
  ],
  page: '/api/analytics/warehouse/catalog'
}
 ⨯ Error: Cannot find module './193.js'
Require stack:
- C:\Users\ujaan\Documents\GitHub\frammer-ai-analytics-platform\apps\web\.next\server\webpack-runtime.js
- C:\Users\ujaan\Documents\GitHub\frammer-ai-analytics-platform\apps\web\.next\server\app\_not-found\page.js
- C:\Users\ujaan\Documents\GitHub\frammer-ai-analytics-platform\node_modules\next\dist\server\require.js
- C:\Users\ujaan\Documents\GitHub\frammer-ai-analytics-platform\node_modules\next\dist\server\load-components.js
- C:\Users\ujaan\Documents\GitHub\frammer-ai-analytics-platform\node_modules\next\dist\build\utils.js
- C:\Users\ujaan\Documents\GitHub\frammer-ai-analytics-platform\node_modules\next\dist\server\dev\hot-middleware.js
- C:\Users\ujaan\Documents\GitHub\frammer-ai-analytics-platform\node_modules\next\dist\server\dev\hot-reloader-webpack.js
- C:\Users\ujaan\Documents\GitHub\frammer-ai-analytics-platform\node_modules\next\dist\server\lib\router-utils\setup-dev-bundler.js
- C:\Users\ujaan\Documents\GitHub\frammer-ai-analytics-platform\node_modules\next\dist\server\lib\router-server.js
- C:\Users\ujaan\Documents\GitHub\frammer-ai-analytics-platform\node_modules\next\dist\server\lib\start-server.js
    at Module.<anonymous> (node:internal/modules/cjs/loader:1500:15)
    at C:\Users\ujaan\Documents\GitHub\frammer-ai-analytics-platform\node_modules\next\dist\server\require-hook.js:55:36
    at wrapResolveFilename (node:internal/modules/cjs/loader:1071:27)
    at defaultResolveImplForCJSLoading (node:internal/modules/cjs/loader:1095:10)
    at resolveForCJSWithHooks (node:internal/modules/cjs/loader:1116:12)
    at Module._load (node:internal/modules/cjs/loader:1285:25)
    at wrapModuleLoad (node:internal/modules/cjs/loader:255:19)
    at Module.<anonymous> (node:internal/modules/cjs/loader:1600:12)
    at mod.require (C:\Users\ujaan\Documents\GitHub\frammer-ai-analytics-platform\node_modules\next\dist\server\require-hook.js:65:28)
    at require (node:internal/modules/helpers:153:16)
    at __webpack_require__.f.require (C:\Users\ujaan\Documents\GitHub\frammer-ai-analytics-platform\apps\web\.next\server\webpack-runtime.js:208:28)
    at C:\Users\ujaan\Documents\GitHub\frammer-ai-analytics-platform\apps\web\.next\server\webpack-runtime.js:116:40
    at Array.reduce (<anonymous>)
    at __webpack_require__.e (C:\Users\ujaan\Documents\GitHub\frammer-ai-analytics-platform\apps\web\.next\server\webpack-runtime.js:115:67)
    at Array.map (<anonymous>)
    at __webpack_require__.X (C:\Users\ujaan\Documents\GitHub\frammer-ai-analytics-platform\apps\web\.next\server\webpack-runtime.js:167:22)
    at C:\Users\ujaan\Documents\GitHub\frammer-ai-analytics-platform\apps\web\.next\server\app\api\analytics\warehouse\query\route.js:1:2096
    at Object.<anonymous> (C:\Users\ujaan\Documents\GitHub\frammer-ai-analytics-platform\apps\web\.next\server\app\api\analytics\warehouse\query\route.js:1:2142)
    at Module._compile (node:internal/modules/cjs/loader:1854:14)
    at Object..js (node:internal/modules/cjs/loader:1985:10)
    at Module.load (node:internal/modules/cjs/loader:1577:32)
    at Module._load (node:internal/modules/cjs/loader:1379:12)
    at wrapModuleLoad (node:internal/modules/cjs/loader:255:19)
    at Module.<anonymous> (node:internal/modules/cjs/loader:1600:12)
    at mod.require (C:\Users\ujaan\Documents\GitHub\frammer-ai-analytics-platform\node_modules\next\dist\server\require-hook.js:65:28)
    at require (node:internal/modules/helpers:153:16)
    at requirePage (C:\Users\ujaan\Documents\GitHub\frammer-ai-analytics-platform\node_modules\next\dist\server\require.js:109:84)
    at C:\Users\ujaan\Documents\GitHub\frammer-ai-analytics-platform\node_modules\next\dist\server\load-components.js:98:84
    at async loadComponentsImpl (C:\Users\ujaan\Documents\GitHub\frammer-ai-analytics-platform\node_modules\next\dist\server\load-components.js:98:26)
    at async DevServer.findPageComponentsImpl (C:\Users\ujaan\Documents\GitHub\frammer-ai-analytics-platform\node_modules\next\dist\server\next-server.js:709:36)
    at async DevServer.findPageComponents (C:\Users\ujaan\Documents\GitHub\frammer-ai-analytics-platform\node_modules\next\dist\server\dev\next-dev-server.js:577:20)
    at async DevServer.renderPageComponent (C:\Users\ujaan\Documents\GitHub\frammer-ai-analytics-platform\node_modules\next\dist\server\base-server.js:1897:24)
    at async DevServer.renderToResponseImpl (C:\Users\ujaan\Documents\GitHub\frammer-ai-analytics-platform\node_modules\next\dist\server\base-server.js:1949:32)
    at async DevServer.pipeImpl (C:\Users\ujaan\Documents\GitHub\frammer-ai-analytics-platform\node_modules\next\dist\server\base-server.js:921:25)
    at async NextNodeServer.handleCatchallRenderRequest (C:\Users\ujaan\Documents\GitHub\frammer-ai-analytics-platform\node_modules\next\dist\server\next-server.js:272:17)
    at async DevServer.handleRequestImpl (C:\Users\ujaan\Documents\GitHub\frammer-ai-analytics-platform\node_modules\next\dist\server\base-server.js:817:17)
    at async C:\Users\ujaan\Documents\GitHub\frammer-ai-analytics-platform\node_modules\next\dist\server\dev\next-dev-server.js:339:20
    at async Span.traceAsyncFn (C:\Users\ujaan\Documents\GitHub\frammer-ai-analytics-platform\node_modules\next\dist\trace\trace.js:154:20)
    at async DevServer.handleRequest (C:\Users\ujaan\Documents\GitHub\frammer-ai-analytics-platform\node_modules\next\dist\server\dev\next-dev-server.js:336:24)
    at async invokeRender (C:\Users\ujaan\Documents\GitHub\frammer-ai-analytics-platform\node_modules\next\dist\server\lib\router-server.js:173:21)
    at async handleRequest (C:\Users\ujaan\Documents\GitHub\frammer-ai-analytics-platform\node_modules\next\dist\server\lib\router-server.js:350:24)
    at async requestHandlerImpl (C:\Users\ujaan\Documents\GitHub\frammer-ai-analytics-platform\node_modules\next\dist\server\lib\router-server.js:374:13)
    at async Server.requestListener (C:\Users\ujaan\Documents\GitHub\frammer-ai-analytics-platform\node_modules\next\dist\server\lib\start-server.js:141:13) {
  code: 'MODULE_NOT_FOUND',
  requireStack: [
    'C:\\Users\\ujaan\\Documents\\GitHub\\frammer-ai-analytics-platform\\apps\\web\\.next\\server\\webpack-runtime.js',
    'C:\\Users\\ujaan\\Documents\\GitHub\\frammer-ai-analytics-platform\\apps\\web\\.next\\server\\app\\_not-found\\page.js',
    'C:\\Users\\ujaan\\Documents\\GitHub\\frammer-ai-analytics-platform\\node_modules\\next\\dist\\server\\require.js',
    'C:\\Users\\ujaan\\Documents\\GitHub\\frammer-ai-analytics-platform\\node_modules\\next\\dist\\server\\load-components.js',
    'C:\\Users\\ujaan\\Documents\\GitHub\\frammer-ai-analytics-platform\\node_modules\\next\\dist\\build\\utils.js',
    'C:\\Users\\ujaan\\Documents\\GitHub\\frammer-ai-analytics-platform\\node_modules\\next\\dist\\server\\dev\\hot-middleware.js',
    'C:\\Users\\ujaan\\Documents\\GitHub\\frammer-ai-analytics-platform\\node_modules\\next\\dist\\server\\dev\\hot-reloader-webpack.js',
    'C:\\Users\\ujaan\\Documents\\GitHub\\frammer-ai-analytics-platform\\node_modules\\next\\dist\\server\\lib\\router-utils\\setup-dev-bundler.js',
    'C:\\Users\\ujaan\\Documents\\GitHub\\frammer-ai-analytics-platform\\node_modules\\next\\dist\\server\\lib\\router-server.js',
    'C:\\Users\\ujaan\\Documents\\GitHub\\frammer-ai-analytics-platform\\node_modules\\next\\dist\\server\\lib\\start-server.js'
  ],
  page: '/api/analytics/warehouse/query'
}
 ⨯ Error: Cannot find module './193.js'
Require stack:
- C:\Users\ujaan\Documents\GitHub\frammer-ai-analytics-platform\apps\web\.next\server\webpack-runtime.js
- C:\Users\ujaan\Documents\GitHub\frammer-ai-analytics-platform\apps\web\.next\server\app\_not-found\page.js
- C:\Users\ujaan\Documents\GitHub\frammer-ai-analytics-platform\node_modules\next\dist\server\require.js
- C:\Users\ujaan\Documents\GitHub\frammer-ai-analytics-platform\node_modules\next\dist\server\load-components.js
- C:\Users\ujaan\Documents\GitHub\frammer-ai-analytics-platform\node_modules\next\dist\build\utils.js
- C:\Users\ujaan\Documents\GitHub\frammer-ai-analytics-platform\node_modules\next\dist\server\dev\hot-middleware.js
- C:\Users\ujaan\Documents\GitHub\frammer-ai-analytics-platform\node_modules\next\dist\server\dev\hot-reloader-webpack.js
- C:\Users\ujaan\Documents\GitHub\frammer-ai-analytics-platform\node_modules\next\dist\server\lib\router-utils\setup-dev-bundler.js
- C:\Users\ujaan\Documents\GitHub\frammer-ai-analytics-platform\node_modules\next\dist\server\lib\router-server.js
- C:\Users\ujaan\Documents\GitHub\frammer-ai-analytics-platform\node_modules\next\dist\server\lib\start-server.js
    at Module.<anonymous> (node:internal/modules/cjs/loader:1500:15)
    at C:\Users\ujaan\Documents\GitHub\frammer-ai-analytics-platform\node_modules\next\dist\server\require-hook.js:55:36
    at wrapResolveFilename (node:internal/modules/cjs/loader:1071:27)
    at defaultResolveImplForCJSLoading (node:internal/modules/cjs/loader:1095:10)
    at resolveForCJSWithHooks (node:internal/modules/cjs/loader:1116:12)
    at Module._load (node:internal/modules/cjs/loader:1285:25)
    at wrapModuleLoad (node:internal/modules/cjs/loader:255:19)
    at Module.<anonymous> (node:internal/modules/cjs/loader:1600:12)
    at mod.require (C:\Users\ujaan\Documents\GitHub\frammer-ai-analytics-platform\node_modules\next\dist\server\require-hook.js:65:28)
    at require (node:internal/modules/helpers:153:16)
    at __webpack_require__.f.require (C:\Users\ujaan\Documents\GitHub\frammer-ai-analytics-platform\apps\web\.next\server\webpack-runtime.js:208:28)
    at C:\Users\ujaan\Documents\GitHub\frammer-ai-analytics-platform\apps\web\.next\server\webpack-runtime.js:116:40
    at Array.reduce (<anonymous>)
    at __webpack_require__.e (C:\Users\ujaan\Documents\GitHub\frammer-ai-analytics-platform\apps\web\.next\server\webpack-runtime.js:115:67)
    at Array.map (<anonymous>)
    at __webpack_require__.X (C:\Users\ujaan\Documents\GitHub\frammer-ai-analytics-platform\apps\web\.next\server\webpack-runtime.js:167:22)
    at C:\Users\ujaan\Documents\GitHub\frammer-ai-analytics-platform\apps\web\.next\server\app\api\analytics\warehouse\query\route.js:1:2096
    at Object.<anonymous> (C:\Users\ujaan\Documents\GitHub\frammer-ai-analytics-platform\apps\web\.next\server\app\api\analytics\warehouse\query\route.js:1:2142)
    at Module._compile (node:internal/modules/cjs/loader:1854:14)
    at Object..js (node:internal/modules/cjs/loader:1985:10)
    at Module.load (node:internal/modules/cjs/loader:1577:32)
    at Module._load (node:internal/modules/cjs/loader:1379:12)
    at wrapModuleLoad (node:internal/modules/cjs/loader:255:19)
    at Module.<anonymous> (node:internal/modules/cjs/loader:1600:12)
    at mod.require (C:\Users\ujaan\Documents\GitHub\frammer-ai-analytics-platform\node_modules\next\dist\server\require-hook.js:65:28)
    at require (node:internal/modules/helpers:153:16)
    at requirePage (C:\Users\ujaan\Documents\GitHub\frammer-ai-analytics-platform\node_modules\next\dist\server\require.js:109:84)
    at C:\Users\ujaan\Documents\GitHub\frammer-ai-analytics-platform\node_modules\next\dist\server\load-components.js:98:84
    at async loadComponentsImpl (C:\Users\ujaan\Documents\GitHub\frammer-ai-analytics-platform\node_modules\next\dist\server\load-components.js:98:26)
    at async DevServer.findPageComponentsImpl (C:\Users\ujaan\Documents\GitHub\frammer-ai-analytics-platform\node_modules\next\dist\server\next-server.js:709:36)
    at async DevServer.findPageComponents (C:\Users\ujaan\Documents\GitHub\frammer-ai-analytics-platform\node_modules\next\dist\server\dev\next-dev-server.js:577:20)
    at async DevServer.renderPageComponent (C:\Users\ujaan\Documents\GitHub\frammer-ai-analytics-platform\node_modules\next\dist\server\base-server.js:1897:24)
    at async DevServer.renderToResponseImpl (C:\Users\ujaan\Documents\GitHub\frammer-ai-analytics-platform\node_modules\next\dist\server\base-server.js:1949:32)
    at async DevServer.pipeImpl (C:\Users\ujaan\Documents\GitHub\frammer-ai-analytics-platform\node_modules\next\dist\server\base-server.js:921:25)
    at async NextNodeServer.handleCatchallRenderRequest (C:\Users\ujaan\Documents\GitHub\frammer-ai-analytics-platform\node_modules\next\dist\server\next-server.js:272:17)
    at async DevServer.handleRequestImpl (C:\Users\ujaan\Documents\GitHub\frammer-ai-analytics-platform\node_modules\next\dist\server\base-server.js:817:17)
    at async C:\Users\ujaan\Documents\GitHub\frammer-ai-analytics-platform\node_modules\next\dist\server\dev\next-dev-server.js:339:20
    at async Span.traceAsyncFn (C:\Users\ujaan\Documents\GitHub\frammer-ai-analytics-platform\node_modules\next\dist\trace\trace.js:154:20)
    at async DevServer.handleRequest (C:\Users\ujaan\Documents\GitHub\frammer-ai-analytics-platform\node_modules\next\dist\server\dev\next-dev-server.js:336:24)
    at async invokeRender (C:\Users\ujaan\Documents\GitHub\frammer-ai-analytics-platform\node_modules\next\dist\server\lib\router-server.js:173:21)
    at async handleRequest (C:\Users\ujaan\Documents\GitHub\frammer-ai-analytics-platform\node_modules\next\dist\server\lib\router-server.js:350:24)
    at async requestHandlerImpl (C:\Users\ujaan\Documents\GitHub\frammer-ai-analytics-platform\node_modules\next\dist\server\lib\router-server.js:374:13)
    at async Server.requestListener (C:\Users\ujaan\Documents\GitHub\frammer-ai-analytics-platform\node_modules\next\dist\server\lib\start-server.js:141:13) {
  code: 'MODULE_NOT_FOUND',
  requireStack: [
    'C:\\Users\\ujaan\\Documents\\GitHub\\frammer-ai-analytics-platform\\apps\\web\\.next\\server\\webpack-runtime.js',
    'C:\\Users\\ujaan\\Documents\\GitHub\\frammer-ai-analytics-platform\\apps\\web\\.next\\server\\app\\_not-found\\page.js',
    'C:\\Users\\ujaan\\Documents\\GitHub\\frammer-ai-analytics-platform\\node_modules\\next\\dist\\server\\require.js',
    'C:\\Users\\ujaan\\Documents\\GitHub\\frammer-ai-analytics-platform\\node_modules\\next\\dist\\server\\load-components.js',
    'C:\\Users\\ujaan\\Documents\\GitHub\\frammer-ai-analytics-platform\\node_modules\\next\\dist\\build\\utils.js',
    'C:\\Users\\ujaan\\Documents\\GitHub\\frammer-ai-analytics-platform\\node_modules\\next\\dist\\server\\dev\\hot-middleware.js',
    'C:\\Users\\ujaan\\Documents\\GitHub\\frammer-ai-analytics-platform\\node_modules\\next\\dist\\server\\dev\\hot-reloader-webpack.js',
    'C:\\Users\\ujaan\\Documents\\GitHub\\frammer-ai-analytics-platform\\node_modules\\next\\dist\\server\\lib\\router-utils\\setup-dev-bundler.js',
    'C:\\Users\\ujaan\\Documents\\GitHub\\frammer-ai-analytics-platform\\node_modules\\next\\dist\\server\\lib\\router-server.js',
    'C:\\Users\\ujaan\\Documents\\GitHub\\frammer-ai-analytics-platform\\node_modules\\next\\dist\\server\\lib\\start-server.js'
  ],
  page: '/api/analytics/warehouse/query'
}
 ⨯ Error: Cannot find module './193.js'
Require stack:
- C:\Users\ujaan\Documents\GitHub\frammer-ai-analytics-platform\apps\web\.next\server\webpack-runtime.js
- C:\Users\ujaan\Documents\GitHub\frammer-ai-analytics-platform\apps\web\.next\server\app\_not-found\page.js
- C:\Users\ujaan\Documents\GitHub\frammer-ai-analytics-platform\node_modules\next\dist\server\require.js
- C:\Users\ujaan\Documents\GitHub\frammer-ai-analytics-platform\node_modules\next\dist\server\load-components.js
- C:\Users\ujaan\Documents\GitHub\frammer-ai-analytics-platform\node_modules\next\dist\build\utils.js
- C:\Users\ujaan\Documents\GitHub\frammer-ai-analytics-platform\node_modules\next\dist\server\dev\hot-middleware.js
- C:\Users\ujaan\Documents\GitHub\frammer-ai-analytics-platform\node_modules\next\dist\server\dev\hot-reloader-webpack.js
- C:\Users\ujaan\Documents\GitHub\frammer-ai-analytics-platform\node_modules\next\dist\server\lib\router-utils\setup-dev-bundler.js
- C:\Users\ujaan\Documents\GitHub\frammer-ai-analytics-platform\node_modules\next\dist\server\lib\router-server.js
- C:\Users\ujaan\Documents\GitHub\frammer-ai-analytics-platform\node_modules\next\dist\server\lib\start-server.js
    at Module.<anonymous> (node:internal/modules/cjs/loader:1500:15)
    at C:\Users\ujaan\Documents\GitHub\frammer-ai-analytics-platform\node_modules\next\dist\server\require-hook.js:55:36
    at wrapResolveFilename (node:internal/modules/cjs/loader:1071:27)
    at defaultResolveImplForCJSLoading (node:internal/modules/cjs/loader:1095:10)
    at resolveForCJSWithHooks (node:internal/modules/cjs/loader:1116:12)
    at Module._load (node:internal/modules/cjs/loader:1285:25)
    at wrapModuleLoad (node:internal/modules/cjs/loader:255:19)
    at Module.<anonymous> (node:internal/modules/cjs/loader:1600:12)
    at mod.require (C:\Users\ujaan\Documents\GitHub\frammer-ai-analytics-platform\node_modules\next\dist\server\require-hook.js:65:28)
    at require (node:internal/modules/helpers:153:16)
    at __webpack_require__.f.require (C:\Users\ujaan\Documents\GitHub\frammer-ai-analytics-platform\apps\web\.next\server\webpack-runtime.js:208:28)
    at C:\Users\ujaan\Documents\GitHub\frammer-ai-analytics-platform\apps\web\.next\server\webpack-runtime.js:116:40
    at Array.reduce (<anonymous>)
    at __webpack_require__.e (C:\Users\ujaan\Documents\GitHub\frammer-ai-analytics-platform\apps\web\.next\server\webpack-runtime.js:115:67)
    at Array.map (<anonymous>)
    at __webpack_require__.X (C:\Users\ujaan\Documents\GitHub\frammer-ai-analytics-platform\apps\web\.next\server\webpack-runtime.js:167:22)
    at C:\Users\ujaan\Documents\GitHub\frammer-ai-analytics-platform\apps\web\.next\server\app\api\analytics\warehouse\query\route.js:1:2096
    at Object.<anonymous> (C:\Users\ujaan\Documents\GitHub\frammer-ai-analytics-platform\apps\web\.next\server\app\api\analytics\warehouse\query\route.js:1:2142)
    at Module._compile (node:internal/modules/cjs/loader:1854:14)
    at Object..js (node:internal/modules/cjs/loader:1985:10)
    at Module.load (node:internal/modules/cjs/loader:1577:32)
    at Module._load (node:internal/modules/cjs/loader:1379:12)
    at wrapModuleLoad (node:internal/modules/cjs/loader:255:19)
    at Module.<anonymous> (node:internal/modules/cjs/loader:1600:12)
    at mod.require (C:\Users\ujaan\Documents\GitHub\frammer-ai-analytics-platform\node_modules\next\dist\server\require-hook.js:65:28)
    at require (node:internal/modules/helpers:153:16)
    at requirePage (C:\Users\ujaan\Documents\GitHub\frammer-ai-analytics-platform\node_modules\next\dist\server\require.js:109:84)
    at C:\Users\ujaan\Documents\GitHub\frammer-ai-analytics-platform\node_modules\next\dist\server\load-components.js:98:84
    at async loadComponentsImpl (C:\Users\ujaan\Documents\GitHub\frammer-ai-analytics-platform\node_modules\next\dist\server\load-components.js:98:26)
    at async DevServer.findPageComponentsImpl (C:\Users\ujaan\Documents\GitHub\frammer-ai-analytics-platform\node_modules\next\dist\server\next-server.js:709:36)
    at async DevServer.findPageComponents (C:\Users\ujaan\Documents\GitHub\frammer-ai-analytics-platform\node_modules\next\dist\server\dev\next-dev-server.js:577:20)
    at async DevServer.renderPageComponent (C:\Users\ujaan\Documents\GitHub\frammer-ai-analytics-platform\node_modules\next\dist\server\base-server.js:1897:24)
    at async DevServer.renderToResponseImpl (C:\Users\ujaan\Documents\GitHub\frammer-ai-analytics-platform\node_modules\next\dist\server\base-server.js:1949:32)
    at async DevServer.pipeImpl (C:\Users\ujaan\Documents\GitHub\frammer-ai-analytics-platform\node_modules\next\dist\server\base-server.js:921:25)
    at async NextNodeServer.handleCatchallRenderRequest (C:\Users\ujaan\Documents\GitHub\frammer-ai-analytics-platform\node_modules\next\dist\server\next-server.js:272:17)
    at async DevServer.handleRequestImpl (C:\Users\ujaan\Documents\GitHub\frammer-ai-analytics-platform\node_modules\next\dist\server\base-server.js:817:17)
    at async C:\Users\ujaan\Documents\GitHub\frammer-ai-analytics-platform\node_modules\next\dist\server\dev\next-dev-server.js:339:20
    at async Span.traceAsyncFn (C:\Users\ujaan\Documents\GitHub\frammer-ai-analytics-platform\node_modules\next\dist\trace\trace.js:154:20)
    at async DevServer.handleRequest (C:\Users\ujaan\Documents\GitHub\frammer-ai-analytics-platform\node_modules\next\dist\server\dev\next-dev-server.js:336:24)
    at async invokeRender (C:\Users\ujaan\Documents\GitHub\frammer-ai-analytics-platform\node_modules\next\dist\server\lib\router-server.js:173:21)
    at async handleRequest (C:\Users\ujaan\Documents\GitHub\frammer-ai-analytics-platform\node_modules\next\dist\server\lib\router-server.js:350:24)
    at async requestHandlerImpl (C:\Users\ujaan\Documents\GitHub\frammer-ai-analytics-platform\node_modules\next\dist\server\lib\router-server.js:374:13)
    at async Server.requestListener (C:\Users\ujaan\Documents\GitHub\frammer-ai-analytics-platform\node_modules\next\dist\server\lib\start-server.js:141:13) {
  code: 'MODULE_NOT_FOUND',
  requireStack: [
    'C:\\Users\\ujaan\\Documents\\GitHub\\frammer-ai-analytics-platform\\apps\\web\\.next\\server\\webpack-runtime.js',
    'C:\\Users\\ujaan\\Documents\\GitHub\\frammer-ai-analytics-platform\\apps\\web\\.next\\server\\app\\_not-found\\page.js',
    'C:\\Users\\ujaan\\Documents\\GitHub\\frammer-ai-analytics-platform\\node_modules\\next\\dist\\server\\require.js',
    'C:\\Users\\ujaan\\Documents\\GitHub\\frammer-ai-analytics-platform\\node_modules\\next\\dist\\server\\load-components.js',
    'C:\\Users\\ujaan\\Documents\\GitHub\\frammer-ai-analytics-platform\\node_modules\\next\\dist\\build\\utils.js',
    'C:\\Users\\ujaan\\Documents\\GitHub\\frammer-ai-analytics-platform\\node_modules\\next\\dist\\server\\dev\\hot-middleware.js',
    'C:\\Users\\ujaan\\Documents\\GitHub\\frammer-ai-analytics-platform\\node_modules\\next\\dist\\server\\dev\\hot-reloader-webpack.js',
    'C:\\Users\\ujaan\\Documents\\GitHub\\frammer-ai-analytics-platform\\node_modules\\next\\dist\\server\\lib\\router-utils\\setup-dev-bundler.js',
    'C:\\Users\\ujaan\\Documents\\GitHub\\frammer-ai-analytics-platform\\node_modules\\next\\dist\\server\\lib\\router-server.js',
    'C:\\Users\\ujaan\\Documents\\GitHub\\frammer-ai-analytics-platform\\node_modules\\next\\dist\\server\\lib\\start-server.js'
  ],
  page: '/api/analytics/warehouse/query'
}
 ⨯ Error: Cannot find module './193.js'
Require stack:
- C:\Users\ujaan\Documents\GitHub\frammer-ai-analytics-platform\apps\web\.next\server\webpack-runtime.js
- C:\Users\ujaan\Documents\GitHub\frammer-ai-analytics-platform\apps\web\.next\server\app\_not-found\page.js
- C:\Users\ujaan\Documents\GitHub\frammer-ai-analytics-platform\node_modules\next\dist\server\require.js
- C:\Users\ujaan\Documents\GitHub\frammer-ai-analytics-platform\node_modules\next\dist\server\load-components.js
- C:\Users\ujaan\Documents\GitHub\frammer-ai-analytics-platform\node_modules\next\dist\build\utils.js
- C:\Users\ujaan\Documents\GitHub\frammer-ai-analytics-platform\node_modules\next\dist\server\dev\hot-middleware.js
- C:\Users\ujaan\Documents\GitHub\frammer-ai-analytics-platform\node_modules\next\dist\server\dev\hot-reloader-webpack.js
- C:\Users\ujaan\Documents\GitHub\frammer-ai-analytics-platform\node_modules\next\dist\server\lib\router-utils\setup-dev-bundler.js
- C:\Users\ujaan\Documents\GitHub\frammer-ai-analytics-platform\node_modules\next\dist\server\lib\router-server.js
- C:\Users\ujaan\Documents\GitHub\frammer-ai-analytics-platform\node_modules\next\dist\server\lib\start-server.js
    at Module.<anonymous> (node:internal/modules/cjs/loader:1500:15)
    at C:\Users\ujaan\Documents\GitHub\frammer-ai-analytics-platform\node_modules\next\dist\server\require-hook.js:55:36
    at wrapResolveFilename (node:internal/modules/cjs/loader:1071:27)
    at defaultResolveImplForCJSLoading (node:internal/modules/cjs/loader:1095:10)
    at resolveForCJSWithHooks (node:internal/modules/cjs/loader:1116:12)
    at Module._load (node:internal/modules/cjs/loader:1285:25)
    at wrapModuleLoad (node:internal/modules/cjs/loader:255:19)
    at Module.<anonymous> (node:internal/modules/cjs/loader:1600:12)
    at mod.require (C:\Users\ujaan\Documents\GitHub\frammer-ai-analytics-platform\node_modules\next\dist\server\require-hook.js:65:28)
    at require (node:internal/modules/helpers:153:16)
    at __webpack_require__.f.require (C:\Users\ujaan\Documents\GitHub\frammer-ai-analytics-platform\apps\web\.next\server\webpack-runtime.js:208:28)
    at C:\Users\ujaan\Documents\GitHub\frammer-ai-analytics-platform\apps\web\.next\server\webpack-runtime.js:116:40
    at Array.reduce (<anonymous>)
    at __webpack_require__.e (C:\Users\ujaan\Documents\GitHub\frammer-ai-analytics-platform\apps\web\.next\server\webpack-runtime.js:115:67)
    at Array.map (<anonymous>)
    at __webpack_require__.X (C:\Users\ujaan\Documents\GitHub\frammer-ai-analytics-platform\apps\web\.next\server\webpack-runtime.js:167:22)
    at C:\Users\ujaan\Documents\GitHub\frammer-ai-analytics-platform\apps\web\.next\server\app\api\analytics\warehouse\query\route.js:1:2096
    at Object.<anonymous> (C:\Users\ujaan\Documents\GitHub\frammer-ai-analytics-platform\apps\web\.next\server\app\api\analytics\warehouse\query\route.js:1:2142)
    at Module._compile (node:internal/modules/cjs/loader:1854:14)
    at Object..js (node:internal/modules/cjs/loader:1985:10)
    at Module.load (node:internal/modules/cjs/loader:1577:32)
    at Module._load (node:internal/modules/cjs/loader:1379:12)
    at wrapModuleLoad (node:internal/modules/cjs/loader:255:19)
    at Module.<anonymous> (node:internal/modules/cjs/loader:1600:12)
    at mod.require (C:\Users\ujaan\Documents\GitHub\frammer-ai-analytics-platform\node_modules\next\dist\server\require-hook.js:65:28)
    at require (node:internal/modules/helpers:153:16)
    at requirePage (C:\Users\ujaan\Documents\GitHub\frammer-ai-analytics-platform\node_modules\next\dist\server\require.js:109:84)
    at C:\Users\ujaan\Documents\GitHub\frammer-ai-analytics-platform\node_modules\next\dist\server\load-components.js:98:84
    at async loadComponentsImpl (C:\Users\ujaan\Documents\GitHub\frammer-ai-analytics-platform\node_modules\next\dist\server\load-components.js:98:26)
    at async DevServer.findPageComponentsImpl (C:\Users\ujaan\Documents\GitHub\frammer-ai-analytics-platform\node_modules\next\dist\server\next-server.js:709:36)
    at async DevServer.findPageComponents (C:\Users\ujaan\Documents\GitHub\frammer-ai-analytics-platform\node_modules\next\dist\server\dev\next-dev-server.js:577:20)
    at async DevServer.renderPageComponent (C:\Users\ujaan\Documents\GitHub\frammer-ai-analytics-platform\node_modules\next\dist\server\base-server.js:1897:24)
    at async DevServer.renderToResponseImpl (C:\Users\ujaan\Documents\GitHub\frammer-ai-analytics-platform\node_modules\next\dist\server\base-server.js:1949:32)
    at async DevServer.pipeImpl (C:\Users\ujaan\Documents\GitHub\frammer-ai-analytics-platform\node_modules\next\dist\server\base-server.js:921:25)
    at async NextNodeServer.handleCatchallRenderRequest (C:\Users\ujaan\Documents\GitHub\frammer-ai-analytics-platform\node_modules\next\dist\server\next-server.js:272:17)
    at async DevServer.handleRequestImpl (C:\Users\ujaan\Documents\GitHub\frammer-ai-analytics-platform\node_modules\next\dist\server\base-server.js:817:17)
    at async C:\Users\ujaan\Documents\GitHub\frammer-ai-analytics-platform\node_modules\next\dist\server\dev\next-dev-server.js:339:20
    at async Span.traceAsyncFn (C:\Users\ujaan\Documents\GitHub\frammer-ai-analytics-platform\node_modules\next\dist\trace\trace.js:154:20)
    at async DevServer.handleRequest (C:\Users\ujaan\Documents\GitHub\frammer-ai-analytics-platform\node_modules\next\dist\server\dev\next-dev-server.js:336:24)
    at async invokeRender (C:\Users\ujaan\Documents\GitHub\frammer-ai-analytics-platform\node_modules\next\dist\server\lib\router-server.js:173:21)
    at async handleRequest (C:\Users\ujaan\Documents\GitHub\frammer-ai-analytics-platform\node_modules\next\dist\server\lib\router-server.js:350:24)
    at async requestHandlerImpl (C:\Users\ujaan\Documents\GitHub\frammer-ai-analytics-platform\node_modules\next\dist\server\lib\router-server.js:374:13)
    at async Server.requestListener (C:\Users\ujaan\Documents\GitHub\frammer-ai-analytics-platform\node_modules\next\dist\server\lib\start-server.js:141:13) {
  code: 'MODULE_NOT_FOUND',
  requireStack: [
    'C:\\Users\\ujaan\\Documents\\GitHub\\frammer-ai-analytics-platform\\apps\\web\\.next\\server\\webpack-runtime.js',
    'C:\\Users\\ujaan\\Documents\\GitHub\\frammer-ai-analytics-platform\\apps\\web\\.next\\server\\app\\_not-found\\page.js',
    'C:\\Users\\ujaan\\Documents\\GitHub\\frammer-ai-analytics-platform\\node_modules\\next\\dist\\server\\require.js',
    'C:\\Users\\ujaan\\Documents\\GitHub\\frammer-ai-analytics-platform\\node_modules\\next\\dist\\server\\load-components.js',
    'C:\\Users\\ujaan\\Documents\\GitHub\\frammer-ai-analytics-platform\\node_modules\\next\\dist\\build\\utils.js',
    'C:\\Users\\ujaan\\Documents\\GitHub\\frammer-ai-analytics-platform\\node_modules\\next\\dist\\server\\dev\\hot-middleware.js',
    'C:\\Users\\ujaan\\Documents\\GitHub\\frammer-ai-analytics-platform\\node_modules\\next\\dist\\server\\dev\\hot-reloader-webpack.js',
    'C:\\Users\\ujaan\\Documents\\GitHub\\frammer-ai-analytics-platform\\node_modules\\next\\dist\\server\\lib\\router-utils\\setup-dev-bundler.js',
    'C:\\Users\\ujaan\\Documents\\GitHub\\frammer-ai-analytics-platform\\node_modules\\next\\dist\\server\\lib\\router-server.js',
    'C:\\Users\\ujaan\\Documents\\GitHub\\frammer-ai-analytics-platform\\node_modules\\next\\dist\\server\\lib\\start-server.js'
  ],
  page: '/api/analytics/warehouse/query'
}
 ⨯ Error: Cannot find module './193.js'
Require stack:
- C:\Users\ujaan\Documents\GitHub\frammer-ai-analytics-platform\apps\web\.next\server\webpack-runtime.js
- C:\Users\ujaan\Documents\GitHub\frammer-ai-analytics-platform\apps\web\.next\server\app\_not-found\page.js
- C:\Users\ujaan\Documents\GitHub\frammer-ai-analytics-platform\node_modules\next\dist\server\require.js
- C:\Users\ujaan\Documents\GitHub\frammer-ai-analytics-platform\node_modules\next\dist\server\load-components.js
- C:\Users\ujaan\Documents\GitHub\frammer-ai-analytics-platform\node_modules\next\dist\build\utils.js
- C:\Users\ujaan\Documents\GitHub\frammer-ai-analytics-platform\node_modules\next\dist\server\dev\hot-middleware.js
- C:\Users\ujaan\Documents\GitHub\frammer-ai-analytics-platform\node_modules\next\dist\server\dev\hot-reloader-webpack.js
- C:\Users\ujaan\Documents\GitHub\frammer-ai-analytics-platform\node_modules\next\dist\server\lib\router-utils\setup-dev-bundler.js
- C:\Users\ujaan\Documents\GitHub\frammer-ai-analytics-platform\node_modules\next\dist\server\lib\router-server.js
- C:\Users\ujaan\Documents\GitHub\frammer-ai-analytics-platform\node_modules\next\dist\server\lib\start-server.js
    at Module.<anonymous> (node:internal/modules/cjs/loader:1500:15)
    at C:\Users\ujaan\Documents\GitHub\frammer-ai-analytics-platform\node_modules\next\dist\server\require-hook.js:55:36
    at wrapResolveFilename (node:internal/modules/cjs/loader:1071:27)
    at defaultResolveImplForCJSLoading (node:internal/modules/cjs/loader:1095:10)
    at resolveForCJSWithHooks (node:internal/modules/cjs/loader:1116:12)
    at Module._load (node:internal/modules/cjs/loader:1285:25)
    at wrapModuleLoad (node:internal/modules/cjs/loader:255:19)
    at Module.<anonymous> (node:internal/modules/cjs/loader:1600:12)
    at mod.require (C:\Users\ujaan\Documents\GitHub\frammer-ai-analytics-platform\node_modules\next\dist\server\require-hook.js:65:28)
    at require (node:internal/modules/helpers:153:16)
    at __webpack_require__.f.require (C:\Users\ujaan\Documents\GitHub\frammer-ai-analytics-platform\apps\web\.next\server\webpack-runtime.js:208:28)
    at C:\Users\ujaan\Documents\GitHub\frammer-ai-analytics-platform\apps\web\.next\server\webpack-runtime.js:116:40
    at Array.reduce (<anonymous>)
    at __webpack_require__.e (C:\Users\ujaan\Documents\GitHub\frammer-ai-analytics-platform\apps\web\.next\server\webpack-runtime.js:115:67)
    at Array.map (<anonymous>)
    at __webpack_require__.X (C:\Users\ujaan\Documents\GitHub\frammer-ai-analytics-platform\apps\web\.next\server\webpack-runtime.js:167:22)
    at C:\Users\ujaan\Documents\GitHub\frammer-ai-analytics-platform\apps\web\.next\server\app\api\analytics\warehouse\query\route.js:1:2096
    at Object.<anonymous> (C:\Users\ujaan\Documents\GitHub\frammer-ai-analytics-platform\apps\web\.next\server\app\api\analytics\warehouse\query\route.js:1:2142)
    at Module._compile (node:internal/modules/cjs/loader:1854:14)
    at Object..js (node:internal/modules/cjs/loader:1985:10)
    at Module.load (node:internal/modules/cjs/loader:1577:32)
    at Module._load (node:internal/modules/cjs/loader:1379:12)
    at wrapModuleLoad (node:internal/modules/cjs/loader:255:19)
    at Module.<anonymous> (node:internal/modules/cjs/loader:1600:12)
    at mod.require (C:\Users\ujaan\Documents\GitHub\frammer-ai-analytics-platform\node_modules\next\dist\server\require-hook.js:65:28)
    at require (node:internal/modules/helpers:153:16)
    at requirePage (C:\Users\ujaan\Documents\GitHub\frammer-ai-analytics-platform\node_modules\next\dist\server\require.js:109:84)
    at C:\Users\ujaan\Documents\GitHub\frammer-ai-analytics-platform\node_modules\next\dist\server\load-components.js:98:84
    at async loadComponentsImpl (C:\Users\ujaan\Documents\GitHub\frammer-ai-analytics-platform\node_modules\next\dist\server\load-components.js:98:26)
    at async DevServer.findPageComponentsImpl (C:\Users\ujaan\Documents\GitHub\frammer-ai-analytics-platform\node_modules\next\dist\server\next-server.js:709:36)
    at async DevServer.findPageComponents (C:\Users\ujaan\Documents\GitHub\frammer-ai-analytics-platform\node_modules\next\dist\server\dev\next-dev-server.js:577:20)
    at async DevServer.renderPageComponent (C:\Users\ujaan\Documents\GitHub\frammer-ai-analytics-platform\node_modules\next\dist\server\base-server.js:1897:24)
    at async DevServer.renderToResponseImpl (C:\Users\ujaan\Documents\GitHub\frammer-ai-analytics-platform\node_modules\next\dist\server\base-server.js:1949:32)
    at async DevServer.pipeImpl (C:\Users\ujaan\Documents\GitHub\frammer-ai-analytics-platform\node_modules\next\dist\server\base-server.js:921:25)
    at async NextNodeServer.handleCatchallRenderRequest (C:\Users\ujaan\Documents\GitHub\frammer-ai-analytics-platform\node_modules\next\dist\server\next-server.js:272:17)
    at async DevServer.handleRequestImpl (C:\Users\ujaan\Documents\GitHub\frammer-ai-analytics-platform\node_modules\next\dist\server\base-server.js:817:17)
    at async C:\Users\ujaan\Documents\GitHub\frammer-ai-analytics-platform\node_modules\next\dist\server\dev\next-dev-server.js:339:20
    at async Span.traceAsyncFn (C:\Users\ujaan\Documents\GitHub\frammer-ai-analytics-platform\node_modules\next\dist\trace\trace.js:154:20)
    at async DevServer.handleRequest (C:\Users\ujaan\Documents\GitHub\frammer-ai-analytics-platform\node_modules\next\dist\server\dev\next-dev-server.js:336:24)
    at async invokeRender (C:\Users\ujaan\Documents\GitHub\frammer-ai-analytics-platform\node_modules\next\dist\server\lib\router-server.js:173:21)
    at async handleRequest (C:\Users\ujaan\Documents\GitHub\frammer-ai-analytics-platform\node_modules\next\dist\server\lib\router-server.js:350:24)
    at async requestHandlerImpl (C:\Users\ujaan\Documents\GitHub\frammer-ai-analytics-platform\node_modules\next\dist\server\lib\router-server.js:374:13)
    at async Server.requestListener (C:\Users\ujaan\Documents\GitHub\frammer-ai-analytics-platform\node_modules\next\dist\server\lib\start-server.js:141:13) {
  code: 'MODULE_NOT_FOUND',
  requireStack: [
    'C:\\Users\\ujaan\\Documents\\GitHub\\frammer-ai-analytics-platform\\apps\\web\\.next\\server\\webpack-runtime.js',
    'C:\\Users\\ujaan\\Documents\\GitHub\\frammer-ai-analytics-platform\\apps\\web\\.next\\server\\app\\_not-found\\page.js',
    'C:\\Users\\ujaan\\Documents\\GitHub\\frammer-ai-analytics-platform\\node_modules\\next\\dist\\server\\require.js',
    'C:\\Users\\ujaan\\Documents\\GitHub\\frammer-ai-analytics-platform\\node_modules\\next\\dist\\server\\load-components.js',
    'C:\\Users\\ujaan\\Documents\\GitHub\\frammer-ai-analytics-platform\\node_modules\\next\\dist\\build\\utils.js',
    'C:\\Users\\ujaan\\Documents\\GitHub\\frammer-ai-analytics-platform\\node_modules\\next\\dist\\server\\dev\\hot-middleware.js',
    'C:\\Users\\ujaan\\Documents\\GitHub\\frammer-ai-analytics-platform\\node_modules\\next\\dist\\server\\dev\\hot-reloader-webpack.js',
    'C:\\Users\\ujaan\\Documents\\GitHub\\frammer-ai-analytics-platform\\node_modules\\next\\dist\\server\\lib\\router-utils\\setup-dev-bundler.js',
    'C:\\Users\\ujaan\\Documents\\GitHub\\frammer-ai-analytics-platform\\node_modules\\next\\dist\\server\\lib\\router-server.js',
    'C:\\Users\\ujaan\\Documents\\GitHub\\frammer-ai-analytics-platform\\node_modules\\next\\dist\\server\\lib\\start-server.js'
  ],
  page: '/api/analytics/warehouse/query'
}
 ⨯ Error: Cannot find module './193.js'
Require stack:
- C:\Users\ujaan\Documents\GitHub\frammer-ai-analytics-platform\apps\web\.next\server\webpack-runtime.js
- C:\Users\ujaan\Documents\GitHub\frammer-ai-analytics-platform\apps\web\.next\server\app\_not-found\page.js
- C:\Users\ujaan\Documents\GitHub\frammer-ai-analytics-platform\node_modules\next\dist\server\require.js
- C:\Users\ujaan\Documents\GitHub\frammer-ai-analytics-platform\node_modules\next\dist\server\load-components.js
- C:\Users\ujaan\Documents\GitHub\frammer-ai-analytics-platform\node_modules\next\dist\build\utils.js
- C:\Users\ujaan\Documents\GitHub\frammer-ai-analytics-platform\node_modules\next\dist\server\dev\hot-middleware.js
- C:\Users\ujaan\Documents\GitHub\frammer-ai-analytics-platform\node_modules\next\dist\server\dev\hot-reloader-webpack.js
- C:\Users\ujaan\Documents\GitHub\frammer-ai-analytics-platform\node_modules\next\dist\server\lib\router-utils\setup-dev-bundler.js
- C:\Users\ujaan\Documents\GitHub\frammer-ai-analytics-platform\node_modules\next\dist\server\lib\router-server.js
- C:\Users\ujaan\Documents\GitHub\frammer-ai-analytics-platform\node_modules\next\dist\server\lib\start-server.js
    at Module.<anonymous> (node:internal/modules/cjs/loader:1500:15)
    at C:\Users\ujaan\Documents\GitHub\frammer-ai-analytics-platform\node_modules\next\dist\server\require-hook.js:55:36
    at wrapResolveFilename (node:internal/modules/cjs/loader:1071:27)
    at defaultResolveImplForCJSLoading (node:internal/modules/cjs/loader:1095:10)
    at resolveForCJSWithHooks (node:internal/modules/cjs/loader:1116:12)
    at Module._load (node:internal/modules/cjs/loader:1285:25)
    at wrapModuleLoad (node:internal/modules/cjs/loader:255:19)
    at Module.<anonymous> (node:internal/modules/cjs/loader:1600:12)
    at mod.require (C:\Users\ujaan\Documents\GitHub\frammer-ai-analytics-platform\node_modules\next\dist\server\require-hook.js:65:28)
    at require (node:internal/modules/helpers:153:16)
    at __webpack_require__.f.require (C:\Users\ujaan\Documents\GitHub\frammer-ai-analytics-platform\apps\web\.next\server\webpack-runtime.js:208:28)
    at C:\Users\ujaan\Documents\GitHub\frammer-ai-analytics-platform\apps\web\.next\server\webpack-runtime.js:116:40
    at Array.reduce (<anonymous>)
    at __webpack_require__.e (C:\Users\ujaan\Documents\GitHub\frammer-ai-analytics-platform\apps\web\.next\server\webpack-runtime.js:115:67)
    at Array.map (<anonymous>)
    at __webpack_require__.X (C:\Users\ujaan\Documents\GitHub\frammer-ai-analytics-platform\apps\web\.next\server\webpack-runtime.js:167:22)
    at C:\Users\ujaan\Documents\GitHub\frammer-ai-analytics-platform\apps\web\.next\server\app\api\analytics\warehouse\query\route.js:1:2096
    at Object.<anonymous> (C:\Users\ujaan\Documents\GitHub\frammer-ai-analytics-platform\apps\web\.next\server\app\api\analytics\warehouse\query\route.js:1:2142)
    at Module._compile (node:internal/modules/cjs/loader:1854:14)
    at Object..js (node:internal/modules/cjs/loader:1985:10)
    at Module.load (node:internal/modules/cjs/loader:1577:32)
    at Module._load (node:internal/modules/cjs/loader:1379:12)
    at wrapModuleLoad (node:internal/modules/cjs/loader:255:19)
    at Module.<anonymous> (node:internal/modules/cjs/loader:1600:12)
    at mod.require (C:\Users\ujaan\Documents\GitHub\frammer-ai-analytics-platform\node_modules\next\dist\server\require-hook.js:65:28)
    at require (node:internal/modules/helpers:153:16)
    at requirePage (C:\Users\ujaan\Documents\GitHub\frammer-ai-analytics-platform\node_modules\next\dist\server\require.js:109:84)
    at C:\Users\ujaan\Documents\GitHub\frammer-ai-analytics-platform\node_modules\next\dist\server\load-components.js:98:84
    at async loadComponentsImpl (C:\Users\ujaan\Documents\GitHub\frammer-ai-analytics-platform\node_modules\next\dist\server\load-components.js:98:26)
    at async DevServer.findPageComponentsImpl (C:\Users\ujaan\Documents\GitHub\frammer-ai-analytics-platform\node_modules\next\dist\server\next-server.js:709:36)
    at async DevServer.findPageComponents (C:\Users\ujaan\Documents\GitHub\frammer-ai-analytics-platform\node_modules\next\dist\server\dev\next-dev-server.js:577:20)
    at async DevServer.renderPageComponent (C:\Users\ujaan\Documents\GitHub\frammer-ai-analytics-platform\node_modules\next\dist\server\base-server.js:1897:24)
    at async DevServer.renderToResponseImpl (C:\Users\ujaan\Documents\GitHub\frammer-ai-analytics-platform\node_modules\next\dist\server\base-server.js:1949:32)
    at async DevServer.pipeImpl (C:\Users\ujaan\Documents\GitHub\frammer-ai-analytics-platform\node_modules\next\dist\server\base-server.js:921:25)
    at async NextNodeServer.handleCatchallRenderRequest (C:\Users\ujaan\Documents\GitHub\frammer-ai-analytics-platform\node_modules\next\dist\server\next-server.js:272:17)
    at async DevServer.handleRequestImpl (C:\Users\ujaan\Documents\GitHub\frammer-ai-analytics-platform\node_modules\next\dist\server\base-server.js:817:17)
    at async C:\Users\ujaan\Documents\GitHub\frammer-ai-analytics-platform\node_modules\next\dist\server\dev\next-dev-server.js:339:20
    at async Span.traceAsyncFn (C:\Users\ujaan\Documents\GitHub\frammer-ai-analytics-platform\node_modules\next\dist\trace\trace.js:154:20)
    at async DevServer.handleRequest (C:\Users\ujaan\Documents\GitHub\frammer-ai-analytics-platform\node_modules\next\dist\server\dev\next-dev-server.js:336:24)
    at async invokeRender (C:\Users\ujaan\Documents\GitHub\frammer-ai-analytics-platform\node_modules\next\dist\server\lib\router-server.js:173:21)
    at async handleRequest (C:\Users\ujaan\Documents\GitHub\frammer-ai-analytics-platform\node_modules\next\dist\server\lib\router-server.js:350:24)
    at async requestHandlerImpl (C:\Users\ujaan\Documents\GitHub\frammer-ai-analytics-platform\node_modules\next\dist\server\lib\router-server.js:374:13)
    at async Server.requestListener (C:\Users\ujaan\Documents\GitHub\frammer-ai-analytics-platform\node_modules\next\dist\server\lib\start-server.js:141:13) {
  code: 'MODULE_NOT_FOUND',
  requireStack: [
    'C:\\Users\\ujaan\\Documents\\GitHub\\frammer-ai-analytics-platform\\apps\\web\\.next\\server\\webpack-runtime.js',
    'C:\\Users\\ujaan\\Documents\\GitHub\\frammer-ai-analytics-platform\\apps\\web\\.next\\server\\app\\_not-found\\page.js',
    'C:\\Users\\ujaan\\Documents\\GitHub\\frammer-ai-analytics-platform\\node_modules\\next\\dist\\server\\require.js',
    'C:\\Users\\ujaan\\Documents\\GitHub\\frammer-ai-analytics-platform\\node_modules\\next\\dist\\server\\load-components.js',
    'C:\\Users\\ujaan\\Documents\\GitHub\\frammer-ai-analytics-platform\\node_modules\\next\\dist\\build\\utils.js',
    'C:\\Users\\ujaan\\Documents\\GitHub\\frammer-ai-analytics-platform\\node_modules\\next\\dist\\server\\dev\\hot-middleware.js',
    'C:\\Users\\ujaan\\Documents\\GitHub\\frammer-ai-analytics-platform\\node_modules\\next\\dist\\server\\dev\\hot-reloader-webpack.js',
    'C:\\Users\\ujaan\\Documents\\GitHub\\frammer-ai-analytics-platform\\node_modules\\next\\dist\\server\\lib\\router-utils\\setup-dev-bundler.js',
    'C:\\Users\\ujaan\\Documents\\GitHub\\frammer-ai-analytics-platform\\node_modules\\next\\dist\\server\\lib\\router-server.js',
    'C:\\Users\\ujaan\\Documents\\GitHub\\frammer-ai-analytics-platform\\node_modules\\next\\dist\\server\\lib\\start-server.js'
  ],
  page: '/api/analytics/warehouse/query'
}
 ⨯ Error: Cannot find module './193.js'
Require stack:
- C:\Users\ujaan\Documents\GitHub\frammer-ai-analytics-platform\apps\web\.next\server\webpack-runtime.js
- C:\Users\ujaan\Documents\GitHub\frammer-ai-analytics-platform\apps\web\.next\server\app\_not-found\page.js
- C:\Users\ujaan\Documents\GitHub\frammer-ai-analytics-platform\node_modules\next\dist\server\require.js
- C:\Users\ujaan\Documents\GitHub\frammer-ai-analytics-platform\node_modules\next\dist\server\load-components.js
- C:\Users\ujaan\Documents\GitHub\frammer-ai-analytics-platform\node_modules\next\dist\build\utils.js
- C:\Users\ujaan\Documents\GitHub\frammer-ai-analytics-platform\node_modules\next\dist\server\dev\hot-middleware.js
- C:\Users\ujaan\Documents\GitHub\frammer-ai-analytics-platform\node_modules\next\dist\server\dev\hot-reloader-webpack.js
- C:\Users\ujaan\Documents\GitHub\frammer-ai-analytics-platform\node_modules\next\dist\server\lib\router-utils\setup-dev-bundler.js
- C:\Users\ujaan\Documents\GitHub\frammer-ai-analytics-platform\node_modules\next\dist\server\lib\router-server.js
- C:\Users\ujaan\Documents\GitHub\frammer-ai-analytics-platform\node_modules\next\dist\server\lib\start-server.js
    at Module.<anonymous> (node:internal/modules/cjs/loader:1500:15)
    at C:\Users\ujaan\Documents\GitHub\frammer-ai-analytics-platform\node_modules\next\dist\server\require-hook.js:55:36
    at wrapResolveFilename (node:internal/modules/cjs/loader:1071:27)
    at defaultResolveImplForCJSLoading (node:internal/modules/cjs/loader:1095:10)
    at resolveForCJSWithHooks (node:internal/modules/cjs/loader:1116:12)
    at Module._load (node:internal/modules/cjs/loader:1285:25)
    at wrapModuleLoad (node:internal/modules/cjs/loader:255:19)
    at Module.<anonymous> (node:internal/modules/cjs/loader:1600:12)
    at mod.require (C:\Users\ujaan\Documents\GitHub\frammer-ai-analytics-platform\node_modules\next\dist\server\require-hook.js:65:28)
    at require (node:internal/modules/helpers:153:16)
    at __webpack_require__.f.require (C:\Users\ujaan\Documents\GitHub\frammer-ai-analytics-platform\apps\web\.next\server\webpack-runtime.js:208:28)
    at C:\Users\ujaan\Documents\GitHub\frammer-ai-analytics-platform\apps\web\.next\server\webpack-runtime.js:116:40
    at Array.reduce (<anonymous>)
    at __webpack_require__.e (C:\Users\ujaan\Documents\GitHub\frammer-ai-analytics-platform\apps\web\.next\server\webpack-runtime.js:115:67)
    at Array.map (<anonymous>)
    at __webpack_require__.X (C:\Users\ujaan\Documents\GitHub\frammer-ai-analytics-platform\apps\web\.next\server\webpack-runtime.js:167:22)
    at C:\Users\ujaan\Documents\GitHub\frammer-ai-analytics-platform\apps\web\.next\server\app\api\analytics\warehouse\catalog\route.js:1:2106
    at Object.<anonymous> (C:\Users\ujaan\Documents\GitHub\frammer-ai-analytics-platform\apps\web\.next\server\app\api\analytics\warehouse\catalog\route.js:1:2152)
    at Module._compile (node:internal/modules/cjs/loader:1854:14)
    at Object..js (node:internal/modules/cjs/loader:1985:10)
    at Module.load (node:internal/modules/cjs/loader:1577:32)
    at Module._load (node:internal/modules/cjs/loader:1379:12)
    at wrapModuleLoad (node:internal/modules/cjs/loader:255:19)
    at Module.<anonymous> (node:internal/modules/cjs/loader:1600:12)
    at mod.require (C:\Users\ujaan\Documents\GitHub\frammer-ai-analytics-platform\node_modules\next\dist\server\require-hook.js:65:28)
    at require (node:internal/modules/helpers:153:16)
    at requirePage (C:\Users\ujaan\Documents\GitHub\frammer-ai-analytics-platform\node_modules\next\dist\server\require.js:109:84)
    at C:\Users\ujaan\Documents\GitHub\frammer-ai-analytics-platform\node_modules\next\dist\server\load-components.js:98:84
    at async loadComponentsImpl (C:\Users\ujaan\Documents\GitHub\frammer-ai-analytics-platform\node_modules\next\dist\server\load-components.js:98:26)
    at async DevServer.findPageComponentsImpl (C:\Users\ujaan\Documents\GitHub\frammer-ai-analytics-platform\node_modules\next\dist\server\next-server.js:709:36)
    at async DevServer.findPageComponents (C:\Users\ujaan\Documents\GitHub\frammer-ai-analytics-platform\node_modules\next\dist\server\dev\next-dev-server.js:577:20)
    at async DevServer.renderPageComponent (C:\Users\ujaan\Documents\GitHub\frammer-ai-analytics-platform\node_modules\next\dist\server\base-server.js:1897:24)
    at async DevServer.renderToResponseImpl (C:\Users\ujaan\Documents\GitHub\frammer-ai-analytics-platform\node_modules\next\dist\server\base-server.js:1949:32)
    at async DevServer.pipeImpl (C:\Users\ujaan\Documents\GitHub\frammer-ai-analytics-platform\node_modules\next\dist\server\base-server.js:921:25)
    at async NextNodeServer.handleCatchallRenderRequest (C:\Users\ujaan\Documents\GitHub\frammer-ai-analytics-platform\node_modules\next\dist\server\next-server.js:272:17)
    at async DevServer.handleRequestImpl (C:\Users\ujaan\Documents\GitHub\frammer-ai-analytics-platform\node_modules\next\dist\server\base-server.js:817:17)
    at async C:\Users\ujaan\Documents\GitHub\frammer-ai-analytics-platform\node_modules\next\dist\server\dev\next-dev-server.js:339:20
    at async Span.traceAsyncFn (C:\Users\ujaan\Documents\GitHub\frammer-ai-analytics-platform\node_modules\next\dist\trace\trace.js:154:20)
    at async DevServer.handleRequest (C:\Users\ujaan\Documents\GitHub\frammer-ai-analytics-platform\node_modules\next\dist\server\dev\next-dev-server.js:336:24)
    at async invokeRender (C:\Users\ujaan\Documents\GitHub\frammer-ai-analytics-platform\node_modules\next\dist\server\lib\router-server.js:173:21)
    at async handleRequest (C:\Users\ujaan\Documents\GitHub\frammer-ai-analytics-platform\node_modules\next\dist\server\lib\router-server.js:350:24)
    at async requestHandlerImpl (C:\Users\ujaan\Documents\GitHub\frammer-ai-analytics-platform\node_modules\next\dist\server\lib\router-server.js:374:13)
    at async Server.requestListener (C:\Users\ujaan\Documents\GitHub\frammer-ai-analytics-platform\node_modules\next\dist\server\lib\start-server.js:141:13) {
  code: 'MODULE_NOT_FOUND',
  requireStack: [
    'C:\\Users\\ujaan\\Documents\\GitHub\\frammer-ai-analytics-platform\\apps\\web\\.next\\server\\webpack-runtime.js',
    'C:\\Users\\ujaan\\Documents\\GitHub\\frammer-ai-analytics-platform\\apps\\web\\.next\\server\\app\\_not-found\\page.js',
    'C:\\Users\\ujaan\\Documents\\GitHub\\frammer-ai-analytics-platform\\node_modules\\next\\dist\\server\\require.js',
    'C:\\Users\\ujaan\\Documents\\GitHub\\frammer-ai-analytics-platform\\node_modules\\next\\dist\\server\\load-components.js',
    'C:\\Users\\ujaan\\Documents\\GitHub\\frammer-ai-analytics-platform\\node_modules\\next\\dist\\build\\utils.js',
    'C:\\Users\\ujaan\\Documents\\GitHub\\frammer-ai-analytics-platform\\node_modules\\next\\dist\\server\\dev\\hot-middleware.js',
    'C:\\Users\\ujaan\\Documents\\GitHub\\frammer-ai-analytics-platform\\node_modules\\next\\dist\\server\\dev\\hot-reloader-webpack.js',
    'C:\\Users\\ujaan\\Documents\\GitHub\\frammer-ai-analytics-platform\\node_modules\\next\\dist\\server\\lib\\router-utils\\setup-dev-bundler.js',
    'C:\\Users\\ujaan\\Documents\\GitHub\\frammer-ai-analytics-platform\\node_modules\\next\\dist\\server\\lib\\router-server.js',
    'C:\\Users\\ujaan\\Documents\\GitHub\\frammer-ai-analytics-platform\\node_modules\\next\\dist\\server\\lib\\start-server.js'
  ],
  page: '/api/analytics/warehouse/catalog'
}
 ⨯ Error: Cannot find module './193.js'
Require stack:
- C:\Users\ujaan\Documents\GitHub\frammer-ai-analytics-platform\apps\web\.next\server\webpack-runtime.js
- C:\Users\ujaan\Documents\GitHub\frammer-ai-analytics-platform\apps\web\.next\server\app\_not-found\page.js
- C:\Users\ujaan\Documents\GitHub\frammer-ai-analytics-platform\node_modules\next\dist\server\require.js
- C:\Users\ujaan\Documents\GitHub\frammer-ai-analytics-platform\node_modules\next\dist\server\load-components.js
- C:\Users\ujaan\Documents\GitHub\frammer-ai-analytics-platform\node_modules\next\dist\build\utils.js
- C:\Users\ujaan\Documents\GitHub\frammer-ai-analytics-platform\node_modules\next\dist\server\dev\hot-middleware.js
- C:\Users\ujaan\Documents\GitHub\frammer-ai-analytics-platform\node_modules\next\dist\server\dev\hot-reloader-webpack.js
- C:\Users\ujaan\Documents\GitHub\frammer-ai-analytics-platform\node_modules\next\dist\server\lib\router-utils\setup-dev-bundler.js
- C:\Users\ujaan\Documents\GitHub\frammer-ai-analytics-platform\node_modules\next\dist\server\lib\router-server.js
- C:\Users\ujaan\Documents\GitHub\frammer-ai-analytics-platform\node_modules\next\dist\server\lib\start-server.js
    at Module.<anonymous> (node:internal/modules/cjs/loader:1500:15)
    at C:\Users\ujaan\Documents\GitHub\frammer-ai-analytics-platform\node_modules\next\dist\server\require-hook.js:55:36
    at wrapResolveFilename (node:internal/modules/cjs/loader:1071:27)
    at defaultResolveImplForCJSLoading (node:internal/modules/cjs/loader:1095:10)
    at resolveForCJSWithHooks (node:internal/modules/cjs/loader:1116:12)
    at Module._load (node:internal/modules/cjs/loader:1285:25)
    at wrapModuleLoad (node:internal/modules/cjs/loader:255:19)
    at Module.<anonymous> (node:internal/modules/cjs/loader:1600:12)
    at mod.require (C:\Users\ujaan\Documents\GitHub\frammer-ai-analytics-platform\node_modules\next\dist\server\require-hook.js:65:28)
    at require (node:internal/modules/helpers:153:16)
    at __webpack_require__.f.require (C:\Users\ujaan\Documents\GitHub\frammer-ai-analytics-platform\apps\web\.next\server\webpack-runtime.js:208:28)
    at C:\Users\ujaan\Documents\GitHub\frammer-ai-analytics-platform\apps\web\.next\server\webpack-runtime.js:116:40
    at Array.reduce (<anonymous>)
    at __webpack_require__.e (C:\Users\ujaan\Documents\GitHub\frammer-ai-analytics-platform\apps\web\.next\server\webpack-runtime.js:115:67)
    at Array.map (<anonymous>)
    at __webpack_require__.X (C:\Users\ujaan\Documents\GitHub\frammer-ai-analytics-platform\apps\web\.next\server\webpack-runtime.js:167:22)
    at C:\Users\ujaan\Documents\GitHub\frammer-ai-analytics-platform\apps\web\.next\server\app\api\analytics\warehouse\query\route.js:1:2096
    at Object.<anonymous> (C:\Users\ujaan\Documents\GitHub\frammer-ai-analytics-platform\apps\web\.next\server\app\api\analytics\warehouse\query\route.js:1:2142)
    at Module._compile (node:internal/modules/cjs/loader:1854:14)
    at Object..js (node:internal/modules/cjs/loader:1985:10)
    at Module.load (node:internal/modules/cjs/loader:1577:32)
    at Module._load (node:internal/modules/cjs/loader:1379:12)
    at wrapModuleLoad (node:internal/modules/cjs/loader:255:19)
    at Module.<anonymous> (node:internal/modules/cjs/loader:1600:12)
    at mod.require (C:\Users\ujaan\Documents\GitHub\frammer-ai-analytics-platform\node_modules\next\dist\server\require-hook.js:65:28)
    at require (node:internal/modules/helpers:153:16)
    at requirePage (C:\Users\ujaan\Documents\GitHub\frammer-ai-analytics-platform\node_modules\next\dist\server\require.js:109:84)
    at C:\Users\ujaan\Documents\GitHub\frammer-ai-analytics-platform\node_modules\next\dist\server\load-components.js:98:84
    at async loadComponentsImpl (C:\Users\ujaan\Documents\GitHub\frammer-ai-analytics-platform\node_modules\next\dist\server\load-components.js:98:26)
    at async DevServer.findPageComponentsImpl (C:\Users\ujaan\Documents\GitHub\frammer-ai-analytics-platform\node_modules\next\dist\server\next-server.js:709:36)
    at async DevServer.findPageComponents (C:\Users\ujaan\Documents\GitHub\frammer-ai-analytics-platform\node_modules\next\dist\server\dev\next-dev-server.js:577:20)
    at async DevServer.renderPageComponent (C:\Users\ujaan\Documents\GitHub\frammer-ai-analytics-platform\node_modules\next\dist\server\base-server.js:1897:24)
    at async DevServer.renderToResponseImpl (C:\Users\ujaan\Documents\GitHub\frammer-ai-analytics-platform\node_modules\next\dist\server\base-server.js:1949:32)
    at async DevServer.pipeImpl (C:\Users\ujaan\Documents\GitHub\frammer-ai-analytics-platform\node_modules\next\dist\server\base-server.js:921:25)
    at async NextNodeServer.handleCatchallRenderRequest (C:\Users\ujaan\Documents\GitHub\frammer-ai-analytics-platform\node_modules\next\dist\server\next-server.js:272:17)
    at async DevServer.handleRequestImpl (C:\Users\ujaan\Documents\GitHub\frammer-ai-analytics-platform\node_modules\next\dist\server\base-server.js:817:17)
    at async C:\Users\ujaan\Documents\GitHub\frammer-ai-analytics-platform\node_modules\next\dist\server\dev\next-dev-server.js:339:20
    at async Span.traceAsyncFn (C:\Users\ujaan\Documents\GitHub\frammer-ai-analytics-platform\node_modules\next\dist\trace\trace.js:154:20)
    at async DevServer.handleRequest (C:\Users\ujaan\Documents\GitHub\frammer-ai-analytics-platform\node_modules\next\dist\server\dev\next-dev-server.js:336:24)
    at async invokeRender (C:\Users\ujaan\Documents\GitHub\frammer-ai-analytics-platform\node_modules\next\dist\server\lib\router-server.js:173:21)
    at async handleRequest (C:\Users\ujaan\Documents\GitHub\frammer-ai-analytics-platform\node_modules\next\dist\server\lib\router-server.js:350:24)
    at async requestHandlerImpl (C:\Users\ujaan\Documents\GitHub\frammer-ai-analytics-platform\node_modules\next\dist\server\lib\router-server.js:374:13)
    at async Server.requestListener (C:\Users\ujaan\Documents\GitHub\frammer-ai-analytics-platform\node_modules\next\dist\server\lib\start-server.js:141:13) {
  code: 'MODULE_NOT_FOUND',
  requireStack: [
    'C:\\Users\\ujaan\\Documents\\GitHub\\frammer-ai-analytics-platform\\apps\\web\\.next\\server\\webpack-runtime.js',
    'C:\\Users\\ujaan\\Documents\\GitHub\\frammer-ai-analytics-platform\\apps\\web\\.next\\server\\app\\_not-found\\page.js',
    'C:\\Users\\ujaan\\Documents\\GitHub\\frammer-ai-analytics-platform\\node_modules\\next\\dist\\server\\require.js',
    'C:\\Users\\ujaan\\Documents\\GitHub\\frammer-ai-analytics-platform\\node_modules\\next\\dist\\server\\load-components.js',
    'C:\\Users\\ujaan\\Documents\\GitHub\\frammer-ai-analytics-platform\\node_modules\\next\\dist\\build\\utils.js',
    'C:\\Users\\ujaan\\Documents\\GitHub\\frammer-ai-analytics-platform\\node_modules\\next\\dist\\server\\dev\\hot-middleware.js',
    'C:\\Users\\ujaan\\Documents\\GitHub\\frammer-ai-analytics-platform\\node_modules\\next\\dist\\server\\dev\\hot-reloader-webpack.js',
    'C:\\Users\\ujaan\\Documents\\GitHub\\frammer-ai-analytics-platform\\node_modules\\next\\dist\\server\\lib\\router-utils\\setup-dev-bundler.js',
    'C:\\Users\\ujaan\\Documents\\GitHub\\frammer-ai-analytics-platform\\node_modules\\next\\dist\\server\\lib\\router-server.js',
    'C:\\Users\\ujaan\\Documents\\GitHub\\frammer-ai-analytics-platform\\node_modules\\next\\dist\\server\\lib\\start-server.js'
  ],
  page: '/api/analytics/warehouse/query'
}
 ⨯ Error: Cannot find module './193.js'
Require stack:
- C:\Users\ujaan\Documents\GitHub\frammer-ai-analytics-platform\apps\web\.next\server\webpack-runtime.js
- C:\Users\ujaan\Documents\GitHub\frammer-ai-analytics-platform\apps\web\.next\server\app\_not-found\page.js
- C:\Users\ujaan\Documents\GitHub\frammer-ai-analytics-platform\node_modules\next\dist\server\require.js
- C:\Users\ujaan\Documents\GitHub\frammer-ai-analytics-platform\node_modules\next\dist\server\load-components.js
- C:\Users\ujaan\Documents\GitHub\frammer-ai-analytics-platform\node_modules\next\dist\build\utils.js
- C:\Users\ujaan\Documents\GitHub\frammer-ai-analytics-platform\node_modules\next\dist\server\dev\hot-middleware.js
- C:\Users\ujaan\Documents\GitHub\frammer-ai-analytics-platform\node_modules\next\dist\server\dev\hot-reloader-webpack.js
- C:\Users\ujaan\Documents\GitHub\frammer-ai-analytics-platform\node_modules\next\dist\server\lib\router-utils\setup-dev-bundler.js
- C:\Users\ujaan\Documents\GitHub\frammer-ai-analytics-platform\node_modules\next\dist\server\lib\router-server.js
- C:\Users\ujaan\Documents\GitHub\frammer-ai-analytics-platform\node_modules\next\dist\server\lib\start-server.js
    at Module.<anonymous> (node:internal/modules/cjs/loader:1500:15)
    at C:\Users\ujaan\Documents\GitHub\frammer-ai-analytics-platform\node_modules\next\dist\server\require-hook.js:55:36
    at wrapResolveFilename (node:internal/modules/cjs/loader:1071:27)
    at defaultResolveImplForCJSLoading (node:internal/modules/cjs/loader:1095:10)
    at resolveForCJSWithHooks (node:internal/modules/cjs/loader:1116:12)
    at Module._load (node:internal/modules/cjs/loader:1285:25)
    at wrapModuleLoad (node:internal/modules/cjs/loader:255:19)
    at Module.<anonymous> (node:internal/modules/cjs/loader:1600:12)
    at mod.require (C:\Users\ujaan\Documents\GitHub\frammer-ai-analytics-platform\node_modules\next\dist\server\require-hook.js:65:28)
    at require (node:internal/modules/helpers:153:16)
    at __webpack_require__.f.require (C:\Users\ujaan\Documents\GitHub\frammer-ai-analytics-platform\apps\web\.next\server\webpack-runtime.js:208:28)
    at C:\Users\ujaan\Documents\GitHub\frammer-ai-analytics-platform\apps\web\.next\server\webpack-runtime.js:116:40
    at Array.reduce (<anonymous>)
    at __webpack_require__.e (C:\Users\ujaan\Documents\GitHub\frammer-ai-analytics-platform\apps\web\.next\server\webpack-runtime.js:115:67)
    at Array.map (<anonymous>)
    at __webpack_require__.X (C:\Users\ujaan\Documents\GitHub\frammer-ai-analytics-platform\apps\web\.next\server\webpack-runtime.js:167:22)
    at C:\Users\ujaan\Documents\GitHub\frammer-ai-analytics-platform\apps\web\.next\server\app\api\analytics\warehouse\query\route.js:1:2096
    at Object.<anonymous> (C:\Users\ujaan\Documents\GitHub\frammer-ai-analytics-platform\apps\web\.next\server\app\api\analytics\warehouse\query\route.js:1:2142)
    at Module._compile (node:internal/modules/cjs/loader:1854:14)
    at Object..js (node:internal/modules/cjs/loader:1985:10)
    at Module.load (node:internal/modules/cjs/loader:1577:32)
    at Module._load (node:internal/modules/cjs/loader:1379:12)
    at wrapModuleLoad (node:internal/modules/cjs/loader:255:19)
    at Module.<anonymous> (node:internal/modules/cjs/loader:1600:12)
    at mod.require (C:\Users\ujaan\Documents\GitHub\frammer-ai-analytics-platform\node_modules\next\dist\server\require-hook.js:65:28)
    at require (node:internal/modules/helpers:153:16)
    at requirePage (C:\Users\ujaan\Documents\GitHub\frammer-ai-analytics-platform\node_modules\next\dist\server\require.js:109:84)
    at C:\Users\ujaan\Documents\GitHub\frammer-ai-analytics-platform\node_modules\next\dist\server\load-components.js:98:84
    at async loadComponentsImpl (C:\Users\ujaan\Documents\GitHub\frammer-ai-analytics-platform\node_modules\next\dist\server\load-components.js:98:26)
    at async DevServer.findPageComponentsImpl (C:\Users\ujaan\Documents\GitHub\frammer-ai-analytics-platform\node_modules\next\dist\server\next-server.js:709:36)
    at async DevServer.findPageComponents (C:\Users\ujaan\Documents\GitHub\frammer-ai-analytics-platform\node_modules\next\dist\server\dev\next-dev-server.js:577:20)
    at async DevServer.renderPageComponent (C:\Users\ujaan\Documents\GitHub\frammer-ai-analytics-platform\node_modules\next\dist\server\base-server.js:1897:24)
    at async DevServer.renderToResponseImpl (C:\Users\ujaan\Documents\GitHub\frammer-ai-analytics-platform\node_modules\next\dist\server\base-server.js:1949:32)
    at async DevServer.pipeImpl (C:\Users\ujaan\Documents\GitHub\frammer-ai-analytics-platform\node_modules\next\dist\server\base-server.js:921:25)
    at async NextNodeServer.handleCatchallRenderRequest (C:\Users\ujaan\Documents\GitHub\frammer-ai-analytics-platform\node_modules\next\dist\server\next-server.js:272:17)
    at async DevServer.handleRequestImpl (C:\Users\ujaan\Documents\GitHub\frammer-ai-analytics-platform\node_modules\next\dist\server\base-server.js:817:17)
    at async C:\Users\ujaan\Documents\GitHub\frammer-ai-analytics-platform\node_modules\next\dist\server\dev\next-dev-server.js:339:20
    at async Span.traceAsyncFn (C:\Users\ujaan\Documents\GitHub\frammer-ai-analytics-platform\node_modules\next\dist\trace\trace.js:154:20)
    at async DevServer.handleRequest (C:\Users\ujaan\Documents\GitHub\frammer-ai-analytics-platform\node_modules\next\dist\server\dev\next-dev-server.js:336:24)
    at async invokeRender (C:\Users\ujaan\Documents\GitHub\frammer-ai-analytics-platform\node_modules\next\dist\server\lib\router-server.js:173:21)
    at async handleRequest (C:\Users\ujaan\Documents\GitHub\frammer-ai-analytics-platform\node_modules\next\dist\server\lib\router-server.js:350:24)
    at async requestHandlerImpl (C:\Users\ujaan\Documents\GitHub\frammer-ai-analytics-platform\node_modules\next\dist\server\lib\router-server.js:374:13)
    at async Server.requestListener (C:\Users\ujaan\Documents\GitHub\frammer-ai-analytics-platform\node_modules\next\dist\server\lib\start-server.js:141:13) {
  code: 'MODULE_NOT_FOUND',
  requireStack: [
    'C:\\Users\\ujaan\\Documents\\GitHub\\frammer-ai-analytics-platform\\apps\\web\\.next\\server\\webpack-runtime.js',
    'C:\\Users\\ujaan\\Documents\\GitHub\\frammer-ai-analytics-platform\\apps\\web\\.next\\server\\app\\_not-found\\page.js',
    'C:\\Users\\ujaan\\Documents\\GitHub\\frammer-ai-analytics-platform\\node_modules\\next\\dist\\server\\require.js',
    'C:\\Users\\ujaan\\Documents\\GitHub\\frammer-ai-analytics-platform\\node_modules\\next\\dist\\server\\load-components.js',
    'C:\\Users\\ujaan\\Documents\\GitHub\\frammer-ai-analytics-platform\\node_modules\\next\\dist\\build\\utils.js',
    'C:\\Users\\ujaan\\Documents\\GitHub\\frammer-ai-analytics-platform\\node_modules\\next\\dist\\server\\dev\\hot-middleware.js',
    'C:\\Users\\ujaan\\Documents\\GitHub\\frammer-ai-analytics-platform\\node_modules\\next\\dist\\server\\dev\\hot-reloader-webpack.js',
    'C:\\Users\\ujaan\\Documents\\GitHub\\frammer-ai-analytics-platform\\node_modules\\next\\dist\\server\\lib\\router-utils\\setup-dev-bundler.js',
    'C:\\Users\\ujaan\\Documents\\GitHub\\frammer-ai-analytics-platform\\node_modules\\next\\dist\\server\\lib\\router-server.js',
    'C:\\Users\\ujaan\\Documents\\GitHub\\frammer-ai-analytics-platform\\node_modules\\next\\dist\\server\\lib\\start-server.js'
  ],
  page: '/api/analytics/warehouse/query'
}
 ⨯ Error: Cannot find module './193.js'
Require stack:
- C:\Users\ujaan\Documents\GitHub\frammer-ai-analytics-platform\apps\web\.next\server\webpack-runtime.js
- C:\Users\ujaan\Documents\GitHub\frammer-ai-analytics-platform\apps\web\.next\server\app\_not-found\page.js
- C:\Users\ujaan\Documents\GitHub\frammer-ai-analytics-platform\node_modules\next\dist\server\require.js
- C:\Users\ujaan\Documents\GitHub\frammer-ai-analytics-platform\node_modules\next\dist\server\load-components.js
- C:\Users\ujaan\Documents\GitHub\frammer-ai-analytics-platform\node_modules\next\dist\build\utils.js
- C:\Users\ujaan\Documents\GitHub\frammer-ai-analytics-platform\node_modules\next\dist\server\dev\hot-middleware.js
- C:\Users\ujaan\Documents\GitHub\frammer-ai-analytics-platform\node_modules\next\dist\server\dev\hot-reloader-webpack.js
- C:\Users\ujaan\Documents\GitHub\frammer-ai-analytics-platform\node_modules\next\dist\server\lib\router-utils\setup-dev-bundler.js
- C:\Users\ujaan\Documents\GitHub\frammer-ai-analytics-platform\node_modules\next\dist\server\lib\router-server.js
- C:\Users\ujaan\Documents\GitHub\frammer-ai-analytics-platform\node_modules\next\dist\server\lib\start-server.js
    at Module.<anonymous> (node:internal/modules/cjs/loader:1500:15)
    at C:\Users\ujaan\Documents\GitHub\frammer-ai-analytics-platform\node_modules\next\dist\server\require-hook.js:55:36
    at wrapResolveFilename (node:internal/modules/cjs/loader:1071:27)
    at defaultResolveImplForCJSLoading (node:internal/modules/cjs/loader:1095:10)
    at resolveForCJSWithHooks (node:internal/modules/cjs/loader:1116:12)
    at Module._load (node:internal/modules/cjs/loader:1285:25)
    at wrapModuleLoad (node:internal/modules/cjs/loader:255:19)
    at Module.<anonymous> (node:internal/modules/cjs/loader:1600:12)
    at mod.require (C:\Users\ujaan\Documents\GitHub\frammer-ai-analytics-platform\node_modules\next\dist\server\require-hook.js:65:28)
    at require (node:internal/modules/helpers:153:16)
    at __webpack_require__.f.require (C:\Users\ujaan\Documents\GitHub\frammer-ai-analytics-platform\apps\web\.next\server\webpack-runtime.js:208:28)
    at C:\Users\ujaan\Documents\GitHub\frammer-ai-analytics-platform\apps\web\.next\server\webpack-runtime.js:116:40
    at Array.reduce (<anonymous>)
    at __webpack_require__.e (C:\Users\ujaan\Documents\GitHub\frammer-ai-analytics-platform\apps\web\.next\server\webpack-runtime.js:115:67)
    at Array.map (<anonymous>)
    at __webpack_require__.X (C:\Users\ujaan\Documents\GitHub\frammer-ai-analytics-platform\apps\web\.next\server\webpack-runtime.js:167:22)
    at C:\Users\ujaan\Documents\GitHub\frammer-ai-analytics-platform\apps\web\.next\server\app\api\analytics\warehouse\query\route.js:1:2096
    at Object.<anonymous> (C:\Users\ujaan\Documents\GitHub\frammer-ai-analytics-platform\apps\web\.next\server\app\api\analytics\warehouse\query\route.js:1:2142)
    at Module._compile (node:internal/modules/cjs/loader:1854:14)
    at Object..js (node:internal/modules/cjs/loader:1985:10)
    at Module.load (node:internal/modules/cjs/loader:1577:32)
    at Module._load (node:internal/modules/cjs/loader:1379:12)
    at wrapModuleLoad (node:internal/modules/cjs/loader:255:19)
    at Module.<anonymous> (node:internal/modules/cjs/loader:1600:12)
    at mod.require (C:\Users\ujaan\Documents\GitHub\frammer-ai-analytics-platform\node_modules\next\dist\server\require-hook.js:65:28)
    at require (node:internal/modules/helpers:153:16)
    at requirePage (C:\Users\ujaan\Documents\GitHub\frammer-ai-analytics-platform\node_modules\next\dist\server\require.js:109:84)
    at C:\Users\ujaan\Documents\GitHub\frammer-ai-analytics-platform\node_modules\next\dist\server\load-components.js:98:84
    at async loadComponentsImpl (C:\Users\ujaan\Documents\GitHub\frammer-ai-analytics-platform\node_modules\next\dist\server\load-components.js:98:26)
    at async DevServer.findPageComponentsImpl (C:\Users\ujaan\Documents\GitHub\frammer-ai-analytics-platform\node_modules\next\dist\server\next-server.js:709:36)
    at async DevServer.findPageComponents (C:\Users\ujaan\Documents\GitHub\frammer-ai-analytics-platform\node_modules\next\dist\server\dev\next-dev-server.js:577:20)
    at async DevServer.renderPageComponent (C:\Users\ujaan\Documents\GitHub\frammer-ai-analytics-platform\node_modules\next\dist\server\base-server.js:1897:24)
    at async DevServer.renderToResponseImpl (C:\Users\ujaan\Documents\GitHub\frammer-ai-analytics-platform\node_modules\next\dist\server\base-server.js:1949:32)
    at async DevServer.pipeImpl (C:\Users\ujaan\Documents\GitHub\frammer-ai-analytics-platform\node_modules\next\dist\server\base-server.js:921:25)
    at async NextNodeServer.handleCatchallRenderRequest (C:\Users\ujaan\Documents\GitHub\frammer-ai-analytics-platform\node_modules\next\dist\server\next-server.js:272:17)
    at async DevServer.handleRequestImpl (C:\Users\ujaan\Documents\GitHub\frammer-ai-analytics-platform\node_modules\next\dist\server\base-server.js:817:17)
    at async C:\Users\ujaan\Documents\GitHub\frammer-ai-analytics-platform\node_modules\next\dist\server\dev\next-dev-server.js:339:20
    at async Span.traceAsyncFn (C:\Users\ujaan\Documents\GitHub\frammer-ai-analytics-platform\node_modules\next\dist\trace\trace.js:154:20)
    at async DevServer.handleRequest (C:\Users\ujaan\Documents\GitHub\frammer-ai-analytics-platform\node_modules\next\dist\server\dev\next-dev-server.js:336:24)
    at async invokeRender (C:\Users\ujaan\Documents\GitHub\frammer-ai-analytics-platform\node_modules\next\dist\server\lib\router-server.js:173:21)
    at async handleRequest (C:\Users\ujaan\Documents\GitHub\frammer-ai-analytics-platform\node_modules\next\dist\server\lib\router-server.js:350:24)
    at async requestHandlerImpl (C:\Users\ujaan\Documents\GitHub\frammer-ai-analytics-platform\node_modules\next\dist\server\lib\router-server.js:374:13)
    at async Server.requestListener (C:\Users\ujaan\Documents\GitHub\frammer-ai-analytics-platform\node_modules\next\dist\server\lib\start-server.js:141:13) {
  code: 'MODULE_NOT_FOUND',
  requireStack: [
    'C:\\Users\\ujaan\\Documents\\GitHub\\frammer-ai-analytics-platform\\apps\\web\\.next\\server\\webpack-runtime.js',
    'C:\\Users\\ujaan\\Documents\\GitHub\\frammer-ai-analytics-platform\\apps\\web\\.next\\server\\app\\_not-found\\page.js',
    'C:\\Users\\ujaan\\Documents\\GitHub\\frammer-ai-analytics-platform\\node_modules\\next\\dist\\server\\require.js',
    'C:\\Users\\ujaan\\Documents\\GitHub\\frammer-ai-analytics-platform\\node_modules\\next\\dist\\server\\load-components.js',
    'C:\\Users\\ujaan\\Documents\\GitHub\\frammer-ai-analytics-platform\\node_modules\\next\\dist\\build\\utils.js',
    'C:\\Users\\ujaan\\Documents\\GitHub\\frammer-ai-analytics-platform\\node_modules\\next\\dist\\server\\dev\\hot-middleware.js',
    'C:\\Users\\ujaan\\Documents\\GitHub\\frammer-ai-analytics-platform\\node_modules\\next\\dist\\server\\dev\\hot-reloader-webpack.js',
    'C:\\Users\\ujaan\\Documents\\GitHub\\frammer-ai-analytics-platform\\node_modules\\next\\dist\\server\\lib\\router-utils\\setup-dev-bundler.js',
    'C:\\Users\\ujaan\\Documents\\GitHub\\frammer-ai-analytics-platform\\node_modules\\next\\dist\\server\\lib\\router-server.js',
    'C:\\Users\\ujaan\\Documents\\GitHub\\frammer-ai-analytics-platform\\node_modules\\next\\dist\\server\\lib\\start-server.js'
  ],
  page: '/api/analytics/warehouse/query'
}
 ⨯ Error: Cannot find module './193.js'
Require stack:
- C:\Users\ujaan\Documents\GitHub\frammer-ai-analytics-platform\apps\web\.next\server\webpack-runtime.js
- C:\Users\ujaan\Documents\GitHub\frammer-ai-analytics-platform\apps\web\.next\server\app\_not-found\page.js
- C:\Users\ujaan\Documents\GitHub\frammer-ai-analytics-platform\node_modules\next\dist\server\require.js
- C:\Users\ujaan\Documents\GitHub\frammer-ai-analytics-platform\node_modules\next\dist\server\load-components.js
- C:\Users\ujaan\Documents\GitHub\frammer-ai-analytics-platform\node_modules\next\dist\build\utils.js
- C:\Users\ujaan\Documents\GitHub\frammer-ai-analytics-platform\node_modules\next\dist\server\dev\hot-middleware.js
- C:\Users\ujaan\Documents\GitHub\frammer-ai-analytics-platform\node_modules\next\dist\server\dev\hot-reloader-webpack.js
- C:\Users\ujaan\Documents\GitHub\frammer-ai-analytics-platform\node_modules\next\dist\server\lib\router-utils\setup-dev-bundler.js
- C:\Users\ujaan\Documents\GitHub\frammer-ai-analytics-platform\node_modules\next\dist\server\lib\router-server.js
- C:\Users\ujaan\Documents\GitHub\frammer-ai-analytics-platform\node_modules\next\dist\server\lib\start-server.js
    at Module.<anonymous> (node:internal/modules/cjs/loader:1500:15)
    at C:\Users\ujaan\Documents\GitHub\frammer-ai-analytics-platform\node_modules\next\dist\server\require-hook.js:55:36
    at wrapResolveFilename (node:internal/modules/cjs/loader:1071:27)
    at defaultResolveImplForCJSLoading (node:internal/modules/cjs/loader:1095:10)
    at resolveForCJSWithHooks (node:internal/modules/cjs/loader:1116:12)
    at Module._load (node:internal/modules/cjs/loader:1285:25)
    at wrapModuleLoad (node:internal/modules/cjs/loader:255:19)
    at Module.<anonymous> (node:internal/modules/cjs/loader:1600:12)
    at mod.require (C:\Users\ujaan\Documents\GitHub\frammer-ai-analytics-platform\node_modules\next\dist\server\require-hook.js:65:28)
    at require (node:internal/modules/helpers:153:16)
    at __webpack_require__.f.require (C:\Users\ujaan\Documents\GitHub\frammer-ai-analytics-platform\apps\web\.next\server\webpack-runtime.js:208:28)
    at C:\Users\ujaan\Documents\GitHub\frammer-ai-analytics-platform\apps\web\.next\server\webpack-runtime.js:116:40
    at Array.reduce (<anonymous>)
    at __webpack_require__.e (C:\Users\ujaan\Documents\GitHub\frammer-ai-analytics-platform\apps\web\.next\server\webpack-runtime.js:115:67)
    at Array.map (<anonymous>)
    at __webpack_require__.X (C:\Users\ujaan\Documents\GitHub\frammer-ai-analytics-platform\apps\web\.next\server\webpack-runtime.js:167:22)
    at C:\Users\ujaan\Documents\GitHub\frammer-ai-analytics-platform\apps\web\.next\server\app\api\analytics\warehouse\query\route.js:1:2096
    at Object.<anonymous> (C:\Users\ujaan\Documents\GitHub\frammer-ai-analytics-platform\apps\web\.next\server\app\api\analytics\warehouse\query\route.js:1:2142)
    at Module._compile (node:internal/modules/cjs/loader:1854:14)
    at Object..js (node:internal/modules/cjs/loader:1985:10)
    at Module.load (node:internal/modules/cjs/loader:1577:32)
    at Module._load (node:internal/modules/cjs/loader:1379:12)
    at wrapModuleLoad (node:internal/modules/cjs/loader:255:19)
    at Module.<anonymous> (node:internal/modules/cjs/loader:1600:12)
    at mod.require (C:\Users\ujaan\Documents\GitHub\frammer-ai-analytics-platform\node_modules\next\dist\server\require-hook.js:65:28)
    at require (node:internal/modules/helpers:153:16)
    at requirePage (C:\Users\ujaan\Documents\GitHub\frammer-ai-analytics-platform\node_modules\next\dist\server\require.js:109:84)
    at C:\Users\ujaan\Documents\GitHub\frammer-ai-analytics-platform\node_modules\next\dist\server\load-components.js:98:84
    at async loadComponentsImpl (C:\Users\ujaan\Documents\GitHub\frammer-ai-analytics-platform\node_modules\next\dist\server\load-components.js:98:26)
    at async DevServer.findPageComponentsImpl (C:\Users\ujaan\Documents\GitHub\frammer-ai-analytics-platform\node_modules\next\dist\server\next-server.js:709:36)
    at async DevServer.findPageComponents (C:\Users\ujaan\Documents\GitHub\frammer-ai-analytics-platform\node_modules\next\dist\server\dev\next-dev-server.js:577:20)
    at async DevServer.renderPageComponent (C:\Users\ujaan\Documents\GitHub\frammer-ai-analytics-platform\node_modules\next\dist\server\base-server.js:1897:24)
    at async DevServer.renderToResponseImpl (C:\Users\ujaan\Documents\GitHub\frammer-ai-analytics-platform\node_modules\next\dist\server\base-server.js:1949:32)
    at async DevServer.pipeImpl (C:\Users\ujaan\Documents\GitHub\frammer-ai-analytics-platform\node_modules\next\dist\server\base-server.js:921:25)
    at async NextNodeServer.handleCatchallRenderRequest (C:\Users\ujaan\Documents\GitHub\frammer-ai-analytics-platform\node_modules\next\dist\server\next-server.js:272:17)
    at async DevServer.handleRequestImpl (C:\Users\ujaan\Documents\GitHub\frammer-ai-analytics-platform\node_modules\next\dist\server\base-server.js:817:17)
    at async C:\Users\ujaan\Documents\GitHub\frammer-ai-analytics-platform\node_modules\next\dist\server\dev\next-dev-server.js:339:20
    at async Span.traceAsyncFn (C:\Users\ujaan\Documents\GitHub\frammer-ai-analytics-platform\node_modules\next\dist\trace\trace.js:154:20)
    at async DevServer.handleRequest (C:\Users\ujaan\Documents\GitHub\frammer-ai-analytics-platform\node_modules\next\dist\server\dev\next-dev-server.js:336:24)
    at async invokeRender (C:\Users\ujaan\Documents\GitHub\frammer-ai-analytics-platform\node_modules\next\dist\server\lib\router-server.js:173:21)
    at async handleRequest (C:\Users\ujaan\Documents\GitHub\frammer-ai-analytics-platform\node_modules\next\dist\server\lib\router-server.js:350:24)
    at async requestHandlerImpl (C:\Users\ujaan\Documents\GitHub\frammer-ai-analytics-platform\node_modules\next\dist\server\lib\router-server.js:374:13)
    at async Server.requestListener (C:\Users\ujaan\Documents\GitHub\frammer-ai-analytics-platform\node_modules\next\dist\server\lib\start-server.js:141:13) {
  code: 'MODULE_NOT_FOUND',
  requireStack: [
    'C:\\Users\\ujaan\\Documents\\GitHub\\frammer-ai-analytics-platform\\apps\\web\\.next\\server\\webpack-runtime.js',
    'C:\\Users\\ujaan\\Documents\\GitHub\\frammer-ai-analytics-platform\\apps\\web\\.next\\server\\app\\_not-found\\page.js',
    'C:\\Users\\ujaan\\Documents\\GitHub\\frammer-ai-analytics-platform\\node_modules\\next\\dist\\server\\require.js',
    'C:\\Users\\ujaan\\Documents\\GitHub\\frammer-ai-analytics-platform\\node_modules\\next\\dist\\server\\load-components.js',
    'C:\\Users\\ujaan\\Documents\\GitHub\\frammer-ai-analytics-platform\\node_modules\\next\\dist\\build\\utils.js',
    'C:\\Users\\ujaan\\Documents\\GitHub\\frammer-ai-analytics-platform\\node_modules\\next\\dist\\server\\dev\\hot-middleware.js',
    'C:\\Users\\ujaan\\Documents\\GitHub\\frammer-ai-analytics-platform\\node_modules\\next\\dist\\server\\dev\\hot-reloader-webpack.js',
    'C:\\Users\\ujaan\\Documents\\GitHub\\frammer-ai-analytics-platform\\node_modules\\next\\dist\\server\\lib\\router-utils\\setup-dev-bundler.js',
    'C:\\Users\\ujaan\\Documents\\GitHub\\frammer-ai-analytics-platform\\node_modules\\next\\dist\\server\\lib\\router-server.js',
    'C:\\Users\\ujaan\\Documents\\GitHub\\frammer-ai-analytics-platform\\node_modules\\next\\dist\\server\\lib\\start-server.js'
  ],
  page: '/api/analytics/warehouse/query'
}
<w> [webpack.cache.PackFileCacheStrategy] Caching failed for pack: Error: ENOENT: no such file or directory, lstat 'C:\Users\ujaan\Documents\GitHub\frammer-ai-analytics-platform\apps\web\.next\server\vendor-chunks\next-themes.js'
<w> [webpack.cache.PackFileCacheStrategy/webpack.FileSystemInfo] Resolving './vendor-chunks/next-themes' in C:\Users\ujaan\Documents\GitHub\frammer-ai-analytics-platform\apps\web\.next\server for build dependencies doesn't lead to expected result 'C:\Users\ujaan\Documents\GitHub\frammer-ai-analytics-platform\apps\web\.next\server\vendor-chunks\next-themes.js', but to 'Error: Can't resolve './vendor-chunks/next-themes' in 'C:\Users\ujaan\Documents\GitHub\frammer-ai-analytics-platform\apps\web\.next\server'' instead. Resolving dependencies are ignored for this path.
<w>  at resolve commonjs file ./vendor-chunks/next-themes (expected C:\Users\ujaan\Documents\GitHub\frammer-ai-analytics-platform\apps\web\.next\server\vendor-chunks\next-themes.js)
<w>  at file dependencies C:\Users\ujaan\Documents\GitHub\frammer-ai-analytics-platform\apps\web\.next\server\webpack-runtime.js
<w>  at file C:\Users\ujaan\Documents\GitHub\frammer-ai-analytics-platform\apps\web\.next\server\webpack-runtime.js
<w>  at file dependencies C:\Users\ujaan\Documents\GitHub\frammer-ai-analytics-platform\apps\web\.next\server\pages\_error.js
<w>  at file C:\Users\ujaan\Documents\GitHub\frammer-ai-analytics-platform\apps\web\.next\server\pages\_error.js
<w>  at file dependencies C:\Users\ujaan\Documents\GitHub\frammer-ai-analytics-platform\node_modules\next\dist\server\require.js
<w>  at file C:\Users\ujaan\Documents\GitHub\frammer-ai-analytics-platform\node_modules\next\dist\server\require.js
<w>  at file dependencies C:\Users\ujaan\Documents\GitHub\frammer-ai-analytics-platform\node_modules\next\dist\server\load-components.js
<w>  at file C:\Users\ujaan\Documents\GitHub\frammer-ai-analytics-platform\node_modules\next\dist\server\load-components.js
<w>  at file dependencies C:\Users\ujaan\Documents\GitHub\frammer-ai-analytics-platform\node_modules\next\dist\build\utils.js
<w>  at file C:\Users\ujaan\Documents\GitHub\frammer-ai-analytics-platform\node_modules\next\dist\build\utils.js
<w>  at file dependencies C:\Users\ujaan\Documents\GitHub\frammer-ai-analytics-platform\node_modules\next\dist\build\webpack\loaders\next-route-loader\index.js
<w>  at file C:\Users\ujaan\Documents\GitHub\frammer-ai-analytics-platform\node_modules\next\dist\build\webpack\loaders\next-route-loader\index.js
<w>  at resolve commonjs C:\Users\ujaan\Documents\GitHub\frammer-ai-analytics-platform\node_modules\next\dist\build\webpack\loaders\next-route-loader\index.js
 ⨯ Error: Cannot find module './193.js'
Require stack:
- C:\Users\ujaan\Documents\GitHub\frammer-ai-analytics-platform\apps\web\.next\server\webpack-runtime.js
- C:\Users\ujaan\Documents\GitHub\frammer-ai-analytics-platform\apps\web\.next\server\app\_not-found\page.js
- C:\Users\ujaan\Documents\GitHub\frammer-ai-analytics-platform\node_modules\next\dist\server\require.js
- C:\Users\ujaan\Documents\GitHub\frammer-ai-analytics-platform\node_modules\next\dist\server\load-components.js
- C:\Users\ujaan\Documents\GitHub\frammer-ai-analytics-platform\node_modules\next\dist\build\utils.js
- C:\Users\ujaan\Documents\GitHub\frammer-ai-analytics-platform\node_modules\next\dist\server\dev\hot-middleware.js
- C:\Users\ujaan\Documents\GitHub\frammer-ai-analytics-platform\node_modules\next\dist\server\dev\hot-reloader-webpack.js
- C:\Users\ujaan\Documents\GitHub\frammer-ai-analytics-platform\node_modules\next\dist\server\lib\router-utils\setup-dev-bundler.js
- C:\Users\ujaan\Documents\GitHub\frammer-ai-analytics-platform\node_modules\next\dist\server\lib\router-server.js
- C:\Users\ujaan\Documents\GitHub\frammer-ai-analytics-platform\node_modules\next\dist\server\lib\start-server.js
    at Module.<anonymous> (node:internal/modules/cjs/loader:1500:15)
    at C:\Users\ujaan\Documents\GitHub\frammer-ai-analytics-platform\node_modules\next\dist\server\require-hook.js:55:36
    at wrapResolveFilename (node:internal/modules/cjs/loader:1071:27)
    at defaultResolveImplForCJSLoading (node:internal/modules/cjs/loader:1095:10)
    at resolveForCJSWithHooks (node:internal/modules/cjs/loader:1116:12)
    at Module._load (node:internal/modules/cjs/loader:1285:25)
    at wrapModuleLoad (node:internal/modules/cjs/loader:255:19)
    at Module.<anonymous> (node:internal/modules/cjs/loader:1600:12)
    at mod.require (C:\Users\ujaan\Documents\GitHub\frammer-ai-analytics-platform\node_modules\next\dist\server\require-hook.js:65:28)
    at require (node:internal/modules/helpers:153:16)
    at __webpack_require__.f.require (C:\Users\ujaan\Documents\GitHub\frammer-ai-analytics-platform\apps\web\.next\server\webpack-runtime.js:208:28)
    at C:\Users\ujaan\Documents\GitHub\frammer-ai-analytics-platform\apps\web\.next\server\webpack-runtime.js:116:40
    at Array.reduce (<anonymous>)
    at __webpack_require__.e (C:\Users\ujaan\Documents\GitHub\frammer-ai-analytics-platform\apps\web\.next\server\webpack-runtime.js:115:67)
    at Array.map (<anonymous>)
    at __webpack_require__.X (C:\Users\ujaan\Documents\GitHub\frammer-ai-analytics-platform\apps\web\.next\server\webpack-runtime.js:167:22)
    at C:\Users\ujaan\Documents\GitHub\frammer-ai-analytics-platform\apps\web\.next\server\app\api\analytics\warehouse\catalog\route.js:1:2106
    at Object.<anonymous> (C:\Users\ujaan\Documents\GitHub\frammer-ai-analytics-platform\apps\web\.next\server\app\api\analytics\warehouse\catalog\route.js:1:2152)
    at Module._compile (node:internal/modules/cjs/loader:1854:14)
    at Object..js (node:internal/modules/cjs/loader:1985:10)
    at Module.load (node:internal/modules/cjs/loader:1577:32)
    at Module._load (node:internal/modules/cjs/loader:1379:12)
    at wrapModuleLoad (node:internal/modules/cjs/loader:255:19)
    at Module.<anonymous> (node:internal/modules/cjs/loader:1600:12)
    at mod.require (C:\Users\ujaan\Documents\GitHub\frammer-ai-analytics-platform\node_modules\next\dist\server\require-hook.js:65:28)
    at require (node:internal/modules/helpers:153:16)
    at requirePage (C:\Users\ujaan\Documents\GitHub\frammer-ai-analytics-platform\node_modules\next\dist\server\require.js:109:84)
    at C:\Users\ujaan\Documents\GitHub\frammer-ai-analytics-platform\node_modules\next\dist\server\load-components.js:98:84
    at async loadComponentsImpl (C:\Users\ujaan\Documents\GitHub\frammer-ai-analytics-platform\node_modules\next\dist\server\load-components.js:98:26)
    at async DevServer.findPageComponentsImpl (C:\Users\ujaan\Documents\GitHub\frammer-ai-analytics-platform\node_modules\next\dist\server\next-server.js:709:36)
    at async DevServer.findPageComponents (C:\Users\ujaan\Documents\GitHub\frammer-ai-analytics-platform\node_modules\next\dist\server\dev\next-dev-server.js:577:20)
    at async DevServer.renderPageComponent (C:\Users\ujaan\Documents\GitHub\frammer-ai-analytics-platform\node_modules\next\dist\server\base-server.js:1897:24)
    at async DevServer.renderToResponseImpl (C:\Users\ujaan\Documents\GitHub\frammer-ai-analytics-platform\node_modules\next\dist\server\base-server.js:1949:32)
    at async DevServer.pipeImpl (C:\Users\ujaan\Documents\GitHub\frammer-ai-analytics-platform\node_modules\next\dist\server\base-server.js:921:25)
    at async NextNodeServer.handleCatchallRenderRequest (C:\Users\ujaan\Documents\GitHub\frammer-ai-analytics-platform\node_modules\next\dist\server\next-server.js:272:17)
    at async DevServer.handleRequestImpl (C:\Users\ujaan\Documents\GitHub\frammer-ai-analytics-platform\node_modules\next\dist\server\base-server.js:817:17)
    at async C:\Users\ujaan\Documents\GitHub\frammer-ai-analytics-platform\node_modules\next\dist\server\dev\next-dev-server.js:339:20
    at async Span.traceAsyncFn (C:\Users\ujaan\Documents\GitHub\frammer-ai-analytics-platform\node_modules\next\dist\trace\trace.js:154:20)
    at async DevServer.handleRequest (C:\Users\ujaan\Documents\GitHub\frammer-ai-analytics-platform\node_modules\next\dist\server\dev\next-dev-server.js:336:24)
    at async invokeRender (C:\Users\ujaan\Documents\GitHub\frammer-ai-analytics-platform\node_modules\next\dist\server\lib\router-server.js:173:21)
    at async handleRequest (C:\Users\ujaan\Documents\GitHub\frammer-ai-analytics-platform\node_modules\next\dist\server\lib\router-server.js:350:24)
    at async requestHandlerImpl (C:\Users\ujaan\Documents\GitHub\frammer-ai-analytics-platform\node_modules\next\dist\server\lib\router-server.js:374:13)
    at async Server.requestListener (C:\Users\ujaan\Documents\GitHub\frammer-ai-analytics-platform\node_modules\next\dist\server\lib\start-server.js:141:13) {
  code: 'MODULE_NOT_FOUND',
  requireStack: [
    'C:\\Users\\ujaan\\Documents\\GitHub\\frammer-ai-analytics-platform\\apps\\web\\.next\\server\\webpack-runtime.js',
    'C:\\Users\\ujaan\\Documents\\GitHub\\frammer-ai-analytics-platform\\apps\\web\\.next\\server\\app\\_not-found\\page.js',
    'C:\\Users\\ujaan\\Documents\\GitHub\\frammer-ai-analytics-platform\\node_modules\\next\\dist\\server\\require.js',
    'C:\\Users\\ujaan\\Documents\\GitHub\\frammer-ai-analytics-platform\\node_modules\\next\\dist\\server\\load-components.js',
    'C:\\Users\\ujaan\\Documents\\GitHub\\frammer-ai-analytics-platform\\node_modules\\next\\dist\\build\\utils.js',
    'C:\\Users\\ujaan\\Documents\\GitHub\\frammer-ai-analytics-platform\\node_modules\\next\\dist\\server\\dev\\hot-middleware.js',
    'C:\\Users\\ujaan\\Documents\\GitHub\\frammer-ai-analytics-platform\\node_modules\\next\\dist\\server\\dev\\hot-reloader-webpack.js',
    'C:\\Users\\ujaan\\Documents\\GitHub\\frammer-ai-analytics-platform\\node_modules\\next\\dist\\server\\lib\\router-utils\\setup-dev-bundler.js',
    'C:\\Users\\ujaan\\Documents\\GitHub\\frammer-ai-analytics-platform\\node_modules\\next\\dist\\server\\lib\\router-server.js',
    'C:\\Users\\ujaan\\Documents\\GitHub\\frammer-ai-analytics-platform\\node_modules\\next\\dist\\server\\lib\\start-server.js'
  ],
  page: '/api/analytics/warehouse/catalog'
}
 ⨯ Error: Cannot find module './193.js'
Require stack:
- C:\Users\ujaan\Documents\GitHub\frammer-ai-analytics-platform\apps\web\.next\server\webpack-runtime.js
- C:\Users\ujaan\Documents\GitHub\frammer-ai-analytics-platform\apps\web\.next\server\app\_not-found\page.js
- C:\Users\ujaan\Documents\GitHub\frammer-ai-analytics-platform\node_modules\next\dist\server\require.js
- C:\Users\ujaan\Documents\GitHub\frammer-ai-analytics-platform\node_modules\next\dist\server\load-components.js
- C:\Users\ujaan\Documents\GitHub\frammer-ai-analytics-platform\node_modules\next\dist\build\utils.js
- C:\Users\ujaan\Documents\GitHub\frammer-ai-analytics-platform\node_modules\next\dist\server\dev\hot-middleware.js
- C:\Users\ujaan\Documents\GitHub\frammer-ai-analytics-platform\node_modules\next\dist\server\dev\hot-reloader-webpack.js
- C:\Users\ujaan\Documents\GitHub\frammer-ai-analytics-platform\node_modules\next\dist\server\lib\router-utils\setup-dev-bundler.js
- C:\Users\ujaan\Documents\GitHub\frammer-ai-analytics-platform\node_modules\next\dist\server\lib\router-server.js
- C:\Users\ujaan\Documents\GitHub\frammer-ai-analytics-platform\node_modules\next\dist\server\lib\start-server.js
    at Module.<anonymous> (node:internal/modules/cjs/loader:1500:15)
    at C:\Users\ujaan\Documents\GitHub\frammer-ai-analytics-platform\node_modules\next\dist\server\require-hook.js:55:36
    at wrapResolveFilename (node:internal/modules/cjs/loader:1071:27)
    at defaultResolveImplForCJSLoading (node:internal/modules/cjs/loader:1095:10)
    at resolveForCJSWithHooks (node:internal/modules/cjs/loader:1116:12)
    at Module._load (node:internal/modules/cjs/loader:1285:25)
    at wrapModuleLoad (node:internal/modules/cjs/loader:255:19)
    at Module.<anonymous> (node:internal/modules/cjs/loader:1600:12)
    at mod.require (C:\Users\ujaan\Documents\GitHub\frammer-ai-analytics-platform\node_modules\next\dist\server\require-hook.js:65:28)
    at require (node:internal/modules/helpers:153:16)
    at __webpack_require__.f.require (C:\Users\ujaan\Documents\GitHub\frammer-ai-analytics-platform\apps\web\.next\server\webpack-runtime.js:208:28)
    at C:\Users\ujaan\Documents\GitHub\frammer-ai-analytics-platform\apps\web\.next\server\webpack-runtime.js:116:40
    at Array.reduce (<anonymous>)
    at __webpack_require__.e (C:\Users\ujaan\Documents\GitHub\frammer-ai-analytics-platform\apps\web\.next\server\webpack-runtime.js:115:67)
    at Array.map (<anonymous>)
    at __webpack_require__.X (C:\Users\ujaan\Documents\GitHub\frammer-ai-analytics-platform\apps\web\.next\server\webpack-runtime.js:167:22)
    at C:\Users\ujaan\Documents\GitHub\frammer-ai-analytics-platform\apps\web\.next\server\app\api\analytics\warehouse\catalog\route.js:1:2106
    at Object.<anonymous> (C:\Users\ujaan\Documents\GitHub\frammer-ai-analytics-platform\apps\web\.next\server\app\api\analytics\warehouse\catalog\route.js:1:2152)
    at Module._compile (node:internal/modules/cjs/loader:1854:14)
    at Object..js (node:internal/modules/cjs/loader:1985:10)
    at Module.load (node:internal/modules/cjs/loader:1577:32)
    at Module._load (node:internal/modules/cjs/loader:1379:12)
    at wrapModuleLoad (node:internal/modules/cjs/loader:255:19)
    at Module.<anonymous> (node:internal/modules/cjs/loader:1600:12)
    at mod.require (C:\Users\ujaan\Documents\GitHub\frammer-ai-analytics-platform\node_modules\next\dist\server\require-hook.js:65:28)
    at require (node:internal/modules/helpers:153:16)
    at requirePage (C:\Users\ujaan\Documents\GitHub\frammer-ai-analytics-platform\node_modules\next\dist\server\require.js:109:84)
    at C:\Users\ujaan\Documents\GitHub\frammer-ai-analytics-platform\node_modules\next\dist\server\load-components.js:98:84
    at async loadComponentsImpl (C:\Users\ujaan\Documents\GitHub\frammer-ai-analytics-platform\node_modules\next\dist\server\load-components.js:98:26)
    at async DevServer.findPageComponentsImpl (C:\Users\ujaan\Documents\GitHub\frammer-ai-analytics-platform\node_modules\next\dist\server\next-server.js:709:36)
    at async DevServer.findPageComponents (C:\Users\ujaan\Documents\GitHub\frammer-ai-analytics-platform\node_modules\next\dist\server\dev\next-dev-server.js:577:20)
    at async DevServer.renderPageComponent (C:\Users\ujaan\Documents\GitHub\frammer-ai-analytics-platform\node_modules\next\dist\server\base-server.js:1897:24)
    at async DevServer.renderToResponseImpl (C:\Users\ujaan\Documents\GitHub\frammer-ai-analytics-platform\node_modules\next\dist\server\base-server.js:1949:32)
    at async DevServer.pipeImpl (C:\Users\ujaan\Documents\GitHub\frammer-ai-analytics-platform\node_modules\next\dist\server\base-server.js:921:25)
    at async NextNodeServer.handleCatchallRenderRequest (C:\Users\ujaan\Documents\GitHub\frammer-ai-analytics-platform\node_modules\next\dist\server\next-server.js:272:17)
    at async DevServer.handleRequestImpl (C:\Users\ujaan\Documents\GitHub\frammer-ai-analytics-platform\node_modules\next\dist\server\base-server.js:817:17)
    at async C:\Users\ujaan\Documents\GitHub\frammer-ai-analytics-platform\node_modules\next\dist\server\dev\next-dev-server.js:339:20
    at async Span.traceAsyncFn (C:\Users\ujaan\Documents\GitHub\frammer-ai-analytics-platform\node_modules\next\dist\trace\trace.js:154:20)
    at async DevServer.handleRequest (C:\Users\ujaan\Documents\GitHub\frammer-ai-analytics-platform\node_modules\next\dist\server\dev\next-dev-server.js:336:24)
    at async invokeRender (C:\Users\ujaan\Documents\GitHub\frammer-ai-analytics-platform\node_modules\next\dist\server\lib\router-server.js:173:21)
    at async handleRequest (C:\Users\ujaan\Documents\GitHub\frammer-ai-analytics-platform\node_modules\next\dist\server\lib\router-server.js:350:24)
    at async requestHandlerImpl (C:\Users\ujaan\Documents\GitHub\frammer-ai-analytics-platform\node_modules\next\dist\server\lib\router-server.js:374:13)
    at async Server.requestListener (C:\Users\ujaan\Documents\GitHub\frammer-ai-analytics-platform\node_modules\next\dist\server\lib\start-server.js:141:13) {
  code: 'MODULE_NOT_FOUND',
  requireStack: [
    'C:\\Users\\ujaan\\Documents\\GitHub\\frammer-ai-analytics-platform\\apps\\web\\.next\\server\\webpack-runtime.js',
    'C:\\Users\\ujaan\\Documents\\GitHub\\frammer-ai-analytics-platform\\apps\\web\\.next\\server\\app\\_not-found\\page.js',
    'C:\\Users\\ujaan\\Documents\\GitHub\\frammer-ai-analytics-platform\\node_modules\\next\\dist\\server\\require.js',
    'C:\\Users\\ujaan\\Documents\\GitHub\\frammer-ai-analytics-platform\\node_modules\\next\\dist\\server\\load-components.js',
    'C:\\Users\\ujaan\\Documents\\GitHub\\frammer-ai-analytics-platform\\node_modules\\next\\dist\\build\\utils.js',
    'C:\\Users\\ujaan\\Documents\\GitHub\\frammer-ai-analytics-platform\\node_modules\\next\\dist\\server\\dev\\hot-middleware.js',
    'C:\\Users\\ujaan\\Documents\\GitHub\\frammer-ai-analytics-platform\\node_modules\\next\\dist\\server\\dev\\hot-reloader-webpack.js',
    'C:\\Users\\ujaan\\Documents\\GitHub\\frammer-ai-analytics-platform\\node_modules\\next\\dist\\server\\lib\\router-utils\\setup-dev-bundler.js',
    'C:\\Users\\ujaan\\Documents\\GitHub\\frammer-ai-analytics-platform\\node_modules\\next\\dist\\server\\lib\\router-server.js',
    'C:\\Users\\ujaan\\Documents\\GitHub\\frammer-ai-analytics-platform\\node_modules\\next\\dist\\server\\lib\\start-server.js'
  ],
  page: '/api/analytics/warehouse/catalog'
}
 ⨯ Error: Cannot find module './193.js'
Require stack:
- C:\Users\ujaan\Documents\GitHub\frammer-ai-analytics-platform\apps\web\.next\server\webpack-runtime.js
- C:\Users\ujaan\Documents\GitHub\frammer-ai-analytics-platform\apps\web\.next\server\app\_not-found\page.js
- C:\Users\ujaan\Documents\GitHub\frammer-ai-analytics-platform\node_modules\next\dist\server\require.js
- C:\Users\ujaan\Documents\GitHub\frammer-ai-analytics-platform\node_modules\next\dist\server\load-components.js
- C:\Users\ujaan\Documents\GitHub\frammer-ai-analytics-platform\node_modules\next\dist\build\utils.js
- C:\Users\ujaan\Documents\GitHub\frammer-ai-analytics-platform\node_modules\next\dist\server\dev\hot-middleware.js
- C:\Users\ujaan\Documents\GitHub\frammer-ai-analytics-platform\node_modules\next\dist\server\dev\hot-reloader-webpack.js
- C:\Users\ujaan\Documents\GitHub\frammer-ai-analytics-platform\node_modules\next\dist\server\lib\router-utils\setup-dev-bundler.js
- C:\Users\ujaan\Documents\GitHub\frammer-ai-analytics-platform\node_modules\next\dist\server\lib\router-server.js
- C:\Users\ujaan\Documents\GitHub\frammer-ai-analytics-platform\node_modules\next\dist\server\lib\start-server.js
    at Module.<anonymous> (node:internal/modules/cjs/loader:1500:15)
    at C:\Users\ujaan\Documents\GitHub\frammer-ai-analytics-platform\node_modules\next\dist\server\require-hook.js:55:36
    at wrapResolveFilename (node:internal/modules/cjs/loader:1071:27)
    at defaultResolveImplForCJSLoading (node:internal/modules/cjs/loader:1095:10)
    at resolveForCJSWithHooks (node:internal/modules/cjs/loader:1116:12)
    at Module._load (node:internal/modules/cjs/loader:1285:25)
    at wrapModuleLoad (node:internal/modules/cjs/loader:255:19)
    at Module.<anonymous> (node:internal/modules/cjs/loader:1600:12)
    at mod.require (C:\Users\ujaan\Documents\GitHub\frammer-ai-analytics-platform\node_modules\next\dist\server\require-hook.js:65:28)
    at require (node:internal/modules/helpers:153:16)
    at __webpack_require__.f.require (C:\Users\ujaan\Documents\GitHub\frammer-ai-analytics-platform\apps\web\.next\server\webpack-runtime.js:208:28)
    at C:\Users\ujaan\Documents\GitHub\frammer-ai-analytics-platform\apps\web\.next\server\webpack-runtime.js:116:40
    at Array.reduce (<anonymous>)
    at __webpack_require__.e (C:\Users\ujaan\Documents\GitHub\frammer-ai-analytics-platform\apps\web\.next\server\webpack-runtime.js:115:67)
    at Array.map (<anonymous>)
    at __webpack_require__.X (C:\Users\ujaan\Documents\GitHub\frammer-ai-analytics-platform\apps\web\.next\server\webpack-runtime.js:167:22)
    at C:\Users\ujaan\Documents\GitHub\frammer-ai-analytics-platform\apps\web\.next\server\app\api\analytics\warehouse\query\route.js:1:2096
    at Object.<anonymous> (C:\Users\ujaan\Documents\GitHub\frammer-ai-analytics-platform\apps\web\.next\server\app\api\analytics\warehouse\query\route.js:1:2142)
    at Module._compile (node:internal/modules/cjs/loader:1854:14)
    at Object..js (node:internal/modules/cjs/loader:1985:10)
    at Module.load (node:internal/modules/cjs/loader:1577:32)
    at Module._load (node:internal/modules/cjs/loader:1379:12)
    at wrapModuleLoad (node:internal/modules/cjs/loader:255:19)
    at Module.<anonymous> (node:internal/modules/cjs/loader:1600:12)
    at mod.require (C:\Users\ujaan\Documents\GitHub\frammer-ai-analytics-platform\node_modules\next\dist\server\require-hook.js:65:28)
    at require (node:internal/modules/helpers:153:16)
    at requirePage (C:\Users\ujaan\Documents\GitHub\frammer-ai-analytics-platform\node_modules\next\dist\server\require.js:109:84)
    at C:\Users\ujaan\Documents\GitHub\frammer-ai-analytics-platform\node_modules\next\dist\server\load-components.js:98:84
    at async loadComponentsImpl (C:\Users\ujaan\Documents\GitHub\frammer-ai-analytics-platform\node_modules\next\dist\server\load-components.js:98:26)
    at async DevServer.findPageComponentsImpl (C:\Users\ujaan\Documents\GitHub\frammer-ai-analytics-platform\node_modules\next\dist\server\next-server.js:709:36)
    at async DevServer.findPageComponents (C:\Users\ujaan\Documents\GitHub\frammer-ai-analytics-platform\node_modules\next\dist\server\dev\next-dev-server.js:577:20)
    at async DevServer.renderPageComponent (C:\Users\ujaan\Documents\GitHub\frammer-ai-analytics-platform\node_modules\next\dist\server\base-server.js:1897:24)
    at async DevServer.renderToResponseImpl (C:\Users\ujaan\Documents\GitHub\frammer-ai-analytics-platform\node_modules\next\dist\server\base-server.js:1949:32)
    at async DevServer.pipeImpl (C:\Users\ujaan\Documents\GitHub\frammer-ai-analytics-platform\node_modules\next\dist\server\base-server.js:921:25)
    at async NextNodeServer.handleCatchallRenderRequest (C:\Users\ujaan\Documents\GitHub\frammer-ai-analytics-platform\node_modules\next\dist\server\next-server.js:272:17)
    at async DevServer.handleRequestImpl (C:\Users\ujaan\Documents\GitHub\frammer-ai-analytics-platform\node_modules\next\dist\server\base-server.js:817:17)
    at async C:\Users\ujaan\Documents\GitHub\frammer-ai-analytics-platform\node_modules\next\dist\server\dev\next-dev-server.js:339:20
    at async Span.traceAsyncFn (C:\Users\ujaan\Documents\GitHub\frammer-ai-analytics-platform\node_modules\next\dist\trace\trace.js:154:20)
    at async DevServer.handleRequest (C:\Users\ujaan\Documents\GitHub\frammer-ai-analytics-platform\node_modules\next\dist\server\dev\next-dev-server.js:336:24)
    at async invokeRender (C:\Users\ujaan\Documents\GitHub\frammer-ai-analytics-platform\node_modules\next\dist\server\lib\router-server.js:173:21)
    at async handleRequest (C:\Users\ujaan\Documents\GitHub\frammer-ai-analytics-platform\node_modules\next\dist\server\lib\router-server.js:350:24)
    at async requestHandlerImpl (C:\Users\ujaan\Documents\GitHub\frammer-ai-analytics-platform\node_modules\next\dist\server\lib\router-server.js:374:13)
    at async Server.requestListener (C:\Users\ujaan\Documents\GitHub\frammer-ai-analytics-platform\node_modules\next\dist\server\lib\start-server.js:141:13) {
  code: 'MODULE_NOT_FOUND',
  requireStack: [
    'C:\\Users\\ujaan\\Documents\\GitHub\\frammer-ai-analytics-platform\\apps\\web\\.next\\server\\webpack-runtime.js',
    'C:\\Users\\ujaan\\Documents\\GitHub\\frammer-ai-analytics-platform\\apps\\web\\.next\\server\\app\\_not-found\\page.js',
    'C:\\Users\\ujaan\\Documents\\GitHub\\frammer-ai-analytics-platform\\node_modules\\next\\dist\\server\\require.js',
    'C:\\Users\\ujaan\\Documents\\GitHub\\frammer-ai-analytics-platform\\node_modules\\next\\dist\\server\\load-components.js',
    'C:\\Users\\ujaan\\Documents\\GitHub\\frammer-ai-analytics-platform\\node_modules\\next\\dist\\build\\utils.js',
    'C:\\Users\\ujaan\\Documents\\GitHub\\frammer-ai-analytics-platform\\node_modules\\next\\dist\\server\\dev\\hot-middleware.js',
    'C:\\Users\\ujaan\\Documents\\GitHub\\frammer-ai-analytics-platform\\node_modules\\next\\dist\\server\\dev\\hot-reloader-webpack.js',
    'C:\\Users\\ujaan\\Documents\\GitHub\\frammer-ai-analytics-platform\\node_modules\\next\\dist\\server\\lib\\router-utils\\setup-dev-bundler.js',
    'C:\\Users\\ujaan\\Documents\\GitHub\\frammer-ai-analytics-platform\\node_modules\\next\\dist\\server\\lib\\router-server.js',
    'C:\\Users\\ujaan\\Documents\\GitHub\\frammer-ai-analytics-platform\\node_modules\\next\\dist\\server\\lib\\start-server.js'
  ],
  page: '/api/analytics/warehouse/query'
}
 ⨯ Error: Cannot find module './193.js'
Require stack:
- C:\Users\ujaan\Documents\GitHub\frammer-ai-analytics-platform\apps\web\.next\server\webpack-runtime.js
- C:\Users\ujaan\Documents\GitHub\frammer-ai-analytics-platform\apps\web\.next\server\app\_not-found\page.js
- C:\Users\ujaan\Documents\GitHub\frammer-ai-analytics-platform\node_modules\next\dist\server\require.js
- C:\Users\ujaan\Documents\GitHub\frammer-ai-analytics-platform\node_modules\next\dist\server\load-components.js
- C:\Users\ujaan\Documents\GitHub\frammer-ai-analytics-platform\node_modules\next\dist\build\utils.js
- C:\Users\ujaan\Documents\GitHub\frammer-ai-analytics-platform\node_modules\next\dist\server\dev\hot-middleware.js
- C:\Users\ujaan\Documents\GitHub\frammer-ai-analytics-platform\node_modules\next\dist\server\dev\hot-reloader-webpack.js
- C:\Users\ujaan\Documents\GitHub\frammer-ai-analytics-platform\node_modules\next\dist\server\lib\router-utils\setup-dev-bundler.js
- C:\Users\ujaan\Documents\GitHub\frammer-ai-analytics-platform\node_modules\next\dist\server\lib\router-server.js
- C:\Users\ujaan\Documents\GitHub\frammer-ai-analytics-platform\node_modules\next\dist\server\lib\start-server.js
    at Module.<anonymous> (node:internal/modules/cjs/loader:1500:15)
    at C:\Users\ujaan\Documents\GitHub\frammer-ai-analytics-platform\node_modules\next\dist\server\require-hook.js:55:36
    at wrapResolveFilename (node:internal/modules/cjs/loader:1071:27)
    at defaultResolveImplForCJSLoading (node:internal/modules/cjs/loader:1095:10)
    at resolveForCJSWithHooks (node:internal/modules/cjs/loader:1116:12)
    at Module._load (node:internal/modules/cjs/loader:1285:25)
    at wrapModuleLoad (node:internal/modules/cjs/loader:255:19)
    at Module.<anonymous> (node:internal/modules/cjs/loader:1600:12)
    at mod.require (C:\Users\ujaan\Documents\GitHub\frammer-ai-analytics-platform\node_modules\next\dist\server\require-hook.js:65:28)
    at require (node:internal/modules/helpers:153:16)
    at __webpack_require__.f.require (C:\Users\ujaan\Documents\GitHub\frammer-ai-analytics-platform\apps\web\.next\server\webpack-runtime.js:208:28)
    at C:\Users\ujaan\Documents\GitHub\frammer-ai-analytics-platform\apps\web\.next\server\webpack-runtime.js:116:40
    at Array.reduce (<anonymous>)
    at __webpack_require__.e (C:\Users\ujaan\Documents\GitHub\frammer-ai-analytics-platform\apps\web\.next\server\webpack-runtime.js:115:67)
    at Array.map (<anonymous>)
    at __webpack_require__.X (C:\Users\ujaan\Documents\GitHub\frammer-ai-analytics-platform\apps\web\.next\server\webpack-runtime.js:167:22)
    at C:\Users\ujaan\Documents\GitHub\frammer-ai-analytics-platform\apps\web\.next\server\app\api\analytics\warehouse\query\route.js:1:2096
    at Object.<anonymous> (C:\Users\ujaan\Documents\GitHub\frammer-ai-analytics-platform\apps\web\.next\server\app\api\analytics\warehouse\query\route.js:1:2142)
    at Module._compile (node:internal/modules/cjs/loader:1854:14)
    at Object..js (node:internal/modules/cjs/loader:1985:10)
    at Module.load (node:internal/modules/cjs/loader:1577:32)
    at Module._load (node:internal/modules/cjs/loader:1379:12)
    at wrapModuleLoad (node:internal/modules/cjs/loader:255:19)
    at Module.<anonymous> (node:internal/modules/cjs/loader:1600:12)
    at mod.require (C:\Users\ujaan\Documents\GitHub\frammer-ai-analytics-platform\node_modules\next\dist\server\require-hook.js:65:28)
    at require (node:internal/modules/helpers:153:16)
    at requirePage (C:\Users\ujaan\Documents\GitHub\frammer-ai-analytics-platform\node_modules\next\dist\server\require.js:109:84)
    at C:\Users\ujaan\Documents\GitHub\frammer-ai-analytics-platform\node_modules\next\dist\server\load-components.js:98:84
    at async loadComponentsImpl (C:\Users\ujaan\Documents\GitHub\frammer-ai-analytics-platform\node_modules\next\dist\server\load-components.js:98:26)
    at async DevServer.findPageComponentsImpl (C:\Users\ujaan\Documents\GitHub\frammer-ai-analytics-platform\node_modules\next\dist\server\next-server.js:709:36)
    at async DevServer.findPageComponents (C:\Users\ujaan\Documents\GitHub\frammer-ai-analytics-platform\node_modules\next\dist\server\dev\next-dev-server.js:577:20)
    at async DevServer.renderPageComponent (C:\Users\ujaan\Documents\GitHub\frammer-ai-analytics-platform\node_modules\next\dist\server\base-server.js:1897:24)
    at async DevServer.renderToResponseImpl (C:\Users\ujaan\Documents\GitHub\frammer-ai-analytics-platform\node_modules\next\dist\server\base-server.js:1949:32)
    at async DevServer.pipeImpl (C:\Users\ujaan\Documents\GitHub\frammer-ai-analytics-platform\node_modules\next\dist\server\base-server.js:921:25)
    at async NextNodeServer.handleCatchallRenderRequest (C:\Users\ujaan\Documents\GitHub\frammer-ai-analytics-platform\node_modules\next\dist\server\next-server.js:272:17)
    at async DevServer.handleRequestImpl (C:\Users\ujaan\Documents\GitHub\frammer-ai-analytics-platform\node_modules\next\dist\server\base-server.js:817:17)
    at async C:\Users\ujaan\Documents\GitHub\frammer-ai-analytics-platform\node_modules\next\dist\server\dev\next-dev-server.js:339:20
    at async Span.traceAsyncFn (C:\Users\ujaan\Documents\GitHub\frammer-ai-analytics-platform\node_modules\next\dist\trace\trace.js:154:20)
    at async DevServer.handleRequest (C:\Users\ujaan\Documents\GitHub\frammer-ai-analytics-platform\node_modules\next\dist\server\dev\next-dev-server.js:336:24)
    at async invokeRender (C:\Users\ujaan\Documents\GitHub\frammer-ai-analytics-platform\node_modules\next\dist\server\lib\router-server.js:173:21)
    at async handleRequest (C:\Users\ujaan\Documents\GitHub\frammer-ai-analytics-platform\node_modules\next\dist\server\lib\router-server.js:350:24)
    at async requestHandlerImpl (C:\Users\ujaan\Documents\GitHub\frammer-ai-analytics-platform\node_modules\next\dist\server\lib\router-server.js:374:13)
    at async Server.requestListener (C:\Users\ujaan\Documents\GitHub\frammer-ai-analytics-platform\node_modules\next\dist\server\lib\start-server.js:141:13) {
  code: 'MODULE_NOT_FOUND',
  requireStack: [
    'C:\\Users\\ujaan\\Documents\\GitHub\\frammer-ai-analytics-platform\\apps\\web\\.next\\server\\webpack-runtime.js',
    'C:\\Users\\ujaan\\Documents\\GitHub\\frammer-ai-analytics-platform\\apps\\web\\.next\\server\\app\\_not-found\\page.js',
    'C:\\Users\\ujaan\\Documents\\GitHub\\frammer-ai-analytics-platform\\node_modules\\next\\dist\\server\\require.js',
    'C:\\Users\\ujaan\\Documents\\GitHub\\frammer-ai-analytics-platform\\node_modules\\next\\dist\\server\\load-components.js',
    'C:\\Users\\ujaan\\Documents\\GitHub\\frammer-ai-analytics-platform\\node_modules\\next\\dist\\build\\utils.js',
    'C:\\Users\\ujaan\\Documents\\GitHub\\frammer-ai-analytics-platform\\node_modules\\next\\dist\\server\\dev\\hot-middleware.js',
    'C:\\Users\\ujaan\\Documents\\GitHub\\frammer-ai-analytics-platform\\node_modules\\next\\dist\\server\\dev\\hot-reloader-webpack.js',
    'C:\\Users\\ujaan\\Documents\\GitHub\\frammer-ai-analytics-platform\\node_modules\\next\\dist\\server\\lib\\router-utils\\setup-dev-bundler.js',
    'C:\\Users\\ujaan\\Documents\\GitHub\\frammer-ai-analytics-platform\\node_modules\\next\\dist\\server\\lib\\router-server.js',
    'C:\\Users\\ujaan\\Documents\\GitHub\\frammer-ai-analytics-platform\\node_modules\\next\\dist\\server\\lib\\start-server.js'
  ],
  page: '/api/analytics/warehouse/query'
}
 ⨯ Error: Cannot find module './193.js'
Require stack:
- C:\Users\ujaan\Documents\GitHub\frammer-ai-analytics-platform\apps\web\.next\server\webpack-runtime.js
- C:\Users\ujaan\Documents\GitHub\frammer-ai-analytics-platform\apps\web\.next\server\app\_not-found\page.js
- C:\Users\ujaan\Documents\GitHub\frammer-ai-analytics-platform\node_modules\next\dist\server\require.js
- C:\Users\ujaan\Documents\GitHub\frammer-ai-analytics-platform\node_modules\next\dist\server\load-components.js
- C:\Users\ujaan\Documents\GitHub\frammer-ai-analytics-platform\node_modules\next\dist\build\utils.js
- C:\Users\ujaan\Documents\GitHub\frammer-ai-analytics-platform\node_modules\next\dist\server\dev\hot-middleware.js
- C:\Users\ujaan\Documents\GitHub\frammer-ai-analytics-platform\node_modules\next\dist\server\dev\hot-reloader-webpack.js
- C:\Users\ujaan\Documents\GitHub\frammer-ai-analytics-platform\node_modules\next\dist\server\lib\router-utils\setup-dev-bundler.js
- C:\Users\ujaan\Documents\GitHub\frammer-ai-analytics-platform\node_modules\next\dist\server\lib\router-server.js
- C:\Users\ujaan\Documents\GitHub\frammer-ai-analytics-platform\node_modules\next\dist\server\lib\start-server.js
    at Module.<anonymous> (node:internal/modules/cjs/loader:1500:15)
    at C:\Users\ujaan\Documents\GitHub\frammer-ai-analytics-platform\node_modules\next\dist\server\require-hook.js:55:36
    at wrapResolveFilename (node:internal/modules/cjs/loader:1071:27)
    at defaultResolveImplForCJSLoading (node:internal/modules/cjs/loader:1095:10)
    at resolveForCJSWithHooks (node:internal/modules/cjs/loader:1116:12)
    at Module._load (node:internal/modules/cjs/loader:1285:25)
    at wrapModuleLoad (node:internal/modules/cjs/loader:255:19)
    at Module.<anonymous> (node:internal/modules/cjs/loader:1600:12)
    at mod.require (C:\Users\ujaan\Documents\GitHub\frammer-ai-analytics-platform\node_modules\next\dist\server\require-hook.js:65:28)
    at require (node:internal/modules/helpers:153:16)
    at __webpack_require__.f.require (C:\Users\ujaan\Documents\GitHub\frammer-ai-analytics-platform\apps\web\.next\server\webpack-runtime.js:208:28)
    at C:\Users\ujaan\Documents\GitHub\frammer-ai-analytics-platform\apps\web\.next\server\webpack-runtime.js:116:40
    at Array.reduce (<anonymous>)
    at __webpack_require__.e (C:\Users\ujaan\Documents\GitHub\frammer-ai-analytics-platform\apps\web\.next\server\webpack-runtime.js:115:67)
    at Array.map (<anonymous>)
    at __webpack_require__.X (C:\Users\ujaan\Documents\GitHub\frammer-ai-analytics-platform\apps\web\.next\server\webpack-runtime.js:167:22)
    at C:\Users\ujaan\Documents\GitHub\frammer-ai-analytics-platform\apps\web\.next\server\app\api\analytics\warehouse\query\route.js:1:2096
    at Object.<anonymous> (C:\Users\ujaan\Documents\GitHub\frammer-ai-analytics-platform\apps\web\.next\server\app\api\analytics\warehouse\query\route.js:1:2142)
    at Module._compile (node:internal/modules/cjs/loader:1854:14)
    at Object..js (node:internal/modules/cjs/loader:1985:10)
    at Module.load (node:internal/modules/cjs/loader:1577:32)
    at Module._load (node:internal/modules/cjs/loader:1379:12)
    at wrapModuleLoad (node:internal/modules/cjs/loader:255:19)
    at Module.<anonymous> (node:internal/modules/cjs/loader:1600:12)
    at mod.require (C:\Users\ujaan\Documents\GitHub\frammer-ai-analytics-platform\node_modules\next\dist\server\require-hook.js:65:28)
    at require (node:internal/modules/helpers:153:16)
    at requirePage (C:\Users\ujaan\Documents\GitHub\frammer-ai-analytics-platform\node_modules\next\dist\server\require.js:109:84)
    at C:\Users\ujaan\Documents\GitHub\frammer-ai-analytics-platform\node_modules\next\dist\server\load-components.js:98:84
    at async loadComponentsImpl (C:\Users\ujaan\Documents\GitHub\frammer-ai-analytics-platform\node_modules\next\dist\server\load-components.js:98:26)
    at async DevServer.findPageComponentsImpl (C:\Users\ujaan\Documents\GitHub\frammer-ai-analytics-platform\node_modules\next\dist\server\next-server.js:709:36)
    at async DevServer.findPageComponents (C:\Users\ujaan\Documents\GitHub\frammer-ai-analytics-platform\node_modules\next\dist\server\dev\next-dev-server.js:577:20)
    at async DevServer.renderPageComponent (C:\Users\ujaan\Documents\GitHub\frammer-ai-analytics-platform\node_modules\next\dist\server\base-server.js:1897:24)
    at async DevServer.renderToResponseImpl (C:\Users\ujaan\Documents\GitHub\frammer-ai-analytics-platform\node_modules\next\dist\server\base-server.js:1949:32)
    at async DevServer.pipeImpl (C:\Users\ujaan\Documents\GitHub\frammer-ai-analytics-platform\node_modules\next\dist\server\base-server.js:921:25)
    at async NextNodeServer.handleCatchallRenderRequest (C:\Users\ujaan\Documents\GitHub\frammer-ai-analytics-platform\node_modules\next\dist\server\next-server.js:272:17)
    at async DevServer.handleRequestImpl (C:\Users\ujaan\Documents\GitHub\frammer-ai-analytics-platform\node_modules\next\dist\server\base-server.js:817:17)
    at async C:\Users\ujaan\Documents\GitHub\frammer-ai-analytics-platform\node_modules\next\dist\server\dev\next-dev-server.js:339:20
    at async Span.traceAsyncFn (C:\Users\ujaan\Documents\GitHub\frammer-ai-analytics-platform\node_modules\next\dist\trace\trace.js:154:20)
    at async DevServer.handleRequest (C:\Users\ujaan\Documents\GitHub\frammer-ai-analytics-platform\node_modules\next\dist\server\dev\next-dev-server.js:336:24)
    at async invokeRender (C:\Users\ujaan\Documents\GitHub\frammer-ai-analytics-platform\node_modules\next\dist\server\lib\router-server.js:173:21)
    at async handleRequest (C:\Users\ujaan\Documents\GitHub\frammer-ai-analytics-platform\node_modules\next\dist\server\lib\router-server.js:350:24)
    at async requestHandlerImpl (C:\Users\ujaan\Documents\GitHub\frammer-ai-analytics-platform\node_modules\next\dist\server\lib\router-server.js:374:13)
    at async Server.requestListener (C:\Users\ujaan\Documents\GitHub\frammer-ai-analytics-platform\node_modules\next\dist\server\lib\start-server.js:141:13) {
  code: 'MODULE_NOT_FOUND',
  requireStack: [
    'C:\\Users\\ujaan\\Documents\\GitHub\\frammer-ai-analytics-platform\\apps\\web\\.next\\server\\webpack-runtime.js',
    'C:\\Users\\ujaan\\Documents\\GitHub\\frammer-ai-analytics-platform\\apps\\web\\.next\\server\\app\\_not-found\\page.js',
    'C:\\Users\\ujaan\\Documents\\GitHub\\frammer-ai-analytics-platform\\node_modules\\next\\dist\\server\\require.js',
    'C:\\Users\\ujaan\\Documents\\GitHub\\frammer-ai-analytics-platform\\node_modules\\next\\dist\\server\\load-components.js',
    'C:\\Users\\ujaan\\Documents\\GitHub\\frammer-ai-analytics-platform\\node_modules\\next\\dist\\build\\utils.js',
    'C:\\Users\\ujaan\\Documents\\GitHub\\frammer-ai-analytics-platform\\node_modules\\next\\dist\\server\\dev\\hot-middleware.js',
    'C:\\Users\\ujaan\\Documents\\GitHub\\frammer-ai-analytics-platform\\node_modules\\next\\dist\\server\\dev\\hot-reloader-webpack.js',
    'C:\\Users\\ujaan\\Documents\\GitHub\\frammer-ai-analytics-platform\\node_modules\\next\\dist\\server\\lib\\router-utils\\setup-dev-bundler.js',
    'C:\\Users\\ujaan\\Documents\\GitHub\\frammer-ai-analytics-platform\\node_modules\\next\\dist\\server\\lib\\router-server.js',
    'C:\\Users\\ujaan\\Documents\\GitHub\\frammer-ai-analytics-platform\\node_modules\\next\\dist\\server\\lib\\start-server.js'
  ],
  page: '/api/analytics/warehouse/query'
}
 ⨯ Error: Cannot find module './193.js'
Require stack:
- C:\Users\ujaan\Documents\GitHub\frammer-ai-analytics-platform\apps\web\.next\server\webpack-runtime.js
- C:\Users\ujaan\Documents\GitHub\frammer-ai-analytics-platform\apps\web\.next\server\app\_not-found\page.js
- C:\Users\ujaan\Documents\GitHub\frammer-ai-analytics-platform\node_modules\next\dist\server\require.js
- C:\Users\ujaan\Documents\GitHub\frammer-ai-analytics-platform\node_modules\next\dist\server\load-components.js
- C:\Users\ujaan\Documents\GitHub\frammer-ai-analytics-platform\node_modules\next\dist\build\utils.js
- C:\Users\ujaan\Documents\GitHub\frammer-ai-analytics-platform\node_modules\next\dist\server\dev\hot-middleware.js
- C:\Users\ujaan\Documents\GitHub\frammer-ai-analytics-platform\node_modules\next\dist\server\dev\hot-reloader-webpack.js
- C:\Users\ujaan\Documents\GitHub\frammer-ai-analytics-platform\node_modules\next\dist\server\lib\router-utils\setup-dev-bundler.js
- C:\Users\ujaan\Documents\GitHub\frammer-ai-analytics-platform\node_modules\next\dist\server\lib\router-server.js
- C:\Users\ujaan\Documents\GitHub\frammer-ai-analytics-platform\node_modules\next\dist\server\lib\start-server.js
    at Module.<anonymous> (node:internal/modules/cjs/loader:1500:15)
    at C:\Users\ujaan\Documents\GitHub\frammer-ai-analytics-platform\node_modules\next\dist\server\require-hook.js:55:36
    at wrapResolveFilename (node:internal/modules/cjs/loader:1071:27)
    at defaultResolveImplForCJSLoading (node:internal/modules/cjs/loader:1095:10)
    at resolveForCJSWithHooks (node:internal/modules/cjs/loader:1116:12)
    at Module._load (node:internal/modules/cjs/loader:1285:25)
    at wrapModuleLoad (node:internal/modules/cjs/loader:255:19)
    at Module.<anonymous> (node:internal/modules/cjs/loader:1600:12)
    at mod.require (C:\Users\ujaan\Documents\GitHub\frammer-ai-analytics-platform\node_modules\next\dist\server\require-hook.js:65:28)
    at require (node:internal/modules/helpers:153:16)
    at __webpack_require__.f.require (C:\Users\ujaan\Documents\GitHub\frammer-ai-analytics-platform\apps\web\.next\server\webpack-runtime.js:208:28)
    at C:\Users\ujaan\Documents\GitHub\frammer-ai-analytics-platform\apps\web\.next\server\webpack-runtime.js:116:40
    at Array.reduce (<anonymous>)
    at __webpack_require__.e (C:\Users\ujaan\Documents\GitHub\frammer-ai-analytics-platform\apps\web\.next\server\webpack-runtime.js:115:67)
    at Array.map (<anonymous>)
    at __webpack_require__.X (C:\Users\ujaan\Documents\GitHub\frammer-ai-analytics-platform\apps\web\.next\server\webpack-runtime.js:167:22)
    at C:\Users\ujaan\Documents\GitHub\frammer-ai-analytics-platform\apps\web\.next\server\app\(dashboard)\executive-summary\page.js:15:100653
    at Object.<anonymous> (C:\Users\ujaan\Documents\GitHub\frammer-ai-analytics-platform\apps\web\.next\server\app\(dashboard)\executive-summary\page.js:15:100730)
    at Module._compile (node:internal/modules/cjs/loader:1854:14)
    at Object..js (node:internal/modules/cjs/loader:1985:10)
    at Module.load (node:internal/modules/cjs/loader:1577:32)
    at Module._load (node:internal/modules/cjs/loader:1379:12)
    at wrapModuleLoad (node:internal/modules/cjs/loader:255:19)
    at Module.<anonymous> (node:internal/modules/cjs/loader:1600:12)
    at mod.require (C:\Users\ujaan\Documents\GitHub\frammer-ai-analytics-platform\node_modules\next\dist\server\require-hook.js:65:28)
    at require (node:internal/modules/helpers:153:16)
    at requirePage (C:\Users\ujaan\Documents\GitHub\frammer-ai-analytics-platform\node_modules\next\dist\server\require.js:109:84)
    at C:\Users\ujaan\Documents\GitHub\frammer-ai-analytics-platform\node_modules\next\dist\server\load-components.js:98:84
    at async loadComponentsImpl (C:\Users\ujaan\Documents\GitHub\frammer-ai-analytics-platform\node_modules\next\dist\server\load-components.js:98:26)
    at async DevServer.findPageComponentsImpl (C:\Users\ujaan\Documents\GitHub\frammer-ai-analytics-platform\node_modules\next\dist\server\next-server.js:709:36)
    at async DevServer.findPageComponents (C:\Users\ujaan\Documents\GitHub\frammer-ai-analytics-platform\node_modules\next\dist\server\dev\next-dev-server.js:577:20)
    at async DevServer.renderPageComponent (C:\Users\ujaan\Documents\GitHub\frammer-ai-analytics-platform\node_modules\next\dist\server\base-server.js:1897:24)
    at async DevServer.renderToResponseImpl (C:\Users\ujaan\Documents\GitHub\frammer-ai-analytics-platform\node_modules\next\dist\server\base-server.js:1949:32)
    at async DevServer.pipeImpl (C:\Users\ujaan\Documents\GitHub\frammer-ai-analytics-platform\node_modules\next\dist\server\base-server.js:921:25)
    at async NextNodeServer.handleCatchallRenderRequest (C:\Users\ujaan\Documents\GitHub\frammer-ai-analytics-platform\node_modules\next\dist\server\next-server.js:272:17)
    at async DevServer.handleRequestImpl (C:\Users\ujaan\Documents\GitHub\frammer-ai-analytics-platform\node_modules\next\dist\server\base-server.js:817:17)
    at async C:\Users\ujaan\Documents\GitHub\frammer-ai-analytics-platform\node_modules\next\dist\server\dev\next-dev-server.js:339:20
    at async Span.traceAsyncFn (C:\Users\ujaan\Documents\GitHub\frammer-ai-analytics-platform\node_modules\next\dist\trace\trace.js:154:20)
    at async DevServer.handleRequest (C:\Users\ujaan\Documents\GitHub\frammer-ai-analytics-platform\node_modules\next\dist\server\dev\next-dev-server.js:336:24)
    at async invokeRender (C:\Users\ujaan\Documents\GitHub\frammer-ai-analytics-platform\node_modules\next\dist\server\lib\router-server.js:173:21)
    at async handleRequest (C:\Users\ujaan\Documents\GitHub\frammer-ai-analytics-platform\node_modules\next\dist\server\lib\router-server.js:350:24)
    at async requestHandlerImpl (C:\Users\ujaan\Documents\GitHub\frammer-ai-analytics-platform\node_modules\next\dist\server\lib\router-server.js:374:13)
    at async Server.requestListener (C:\Users\ujaan\Documents\GitHub\frammer-ai-analytics-platform\node_modules\next\dist\server\lib\start-server.js:141:13) {
  code: 'MODULE_NOT_FOUND',
  requireStack: [
    'C:\\Users\\ujaan\\Documents\\GitHub\\frammer-ai-analytics-platform\\apps\\web\\.next\\server\\webpack-runtime.js',
    'C:\\Users\\ujaan\\Documents\\GitHub\\frammer-ai-analytics-platform\\apps\\web\\.next\\server\\app\\_not-found\\page.js',
    'C:\\Users\\ujaan\\Documents\\GitHub\\frammer-ai-analytics-platform\\node_modules\\next\\dist\\server\\require.js',
    'C:\\Users\\ujaan\\Documents\\GitHub\\frammer-ai-analytics-platform\\node_modules\\next\\dist\\server\\load-components.js',
    'C:\\Users\\ujaan\\Documents\\GitHub\\frammer-ai-analytics-platform\\node_modules\\next\\dist\\build\\utils.js',
    'C:\\Users\\ujaan\\Documents\\GitHub\\frammer-ai-analytics-platform\\node_modules\\next\\dist\\server\\dev\\hot-middleware.js',
    'C:\\Users\\ujaan\\Documents\\GitHub\\frammer-ai-analytics-platform\\node_modules\\next\\dist\\server\\dev\\hot-reloader-webpack.js',
    'C:\\Users\\ujaan\\Documents\\GitHub\\frammer-ai-analytics-platform\\node_modules\\next\\dist\\server\\lib\\router-utils\\setup-dev-bundler.js',
    'C:\\Users\\ujaan\\Documents\\GitHub\\frammer-ai-analytics-platform\\node_modules\\next\\dist\\server\\lib\\router-server.js',
    'C:\\Users\\ujaan\\Documents\\GitHub\\frammer-ai-analytics-platform\\node_modules\\next\\dist\\server\\lib\\start-server.js'
  ],
  page: '/executive-summary'
}
 ⨯ Error: Cannot find module './193.js'
Require stack:
- C:\Users\ujaan\Documents\GitHub\frammer-ai-analytics-platform\apps\web\.next\server\webpack-runtime.js
- C:\Users\ujaan\Documents\GitHub\frammer-ai-analytics-platform\apps\web\.next\server\app\_not-found\page.js
- C:\Users\ujaan\Documents\GitHub\frammer-ai-analytics-platform\node_modules\next\dist\server\require.js
- C:\Users\ujaan\Documents\GitHub\frammer-ai-analytics-platform\node_modules\next\dist\server\load-components.js
- C:\Users\ujaan\Documents\GitHub\frammer-ai-analytics-platform\node_modules\next\dist\build\utils.js
- C:\Users\ujaan\Documents\GitHub\frammer-ai-analytics-platform\node_modules\next\dist\server\dev\hot-middleware.js
- C:\Users\ujaan\Documents\GitHub\frammer-ai-analytics-platform\node_modules\next\dist\server\dev\hot-reloader-webpack.js
- C:\Users\ujaan\Documents\GitHub\frammer-ai-analytics-platform\node_modules\next\dist\server\lib\router-utils\setup-dev-bundler.js
- C:\Users\ujaan\Documents\GitHub\frammer-ai-analytics-platform\node_modules\next\dist\server\lib\router-server.js
- C:\Users\ujaan\Documents\GitHub\frammer-ai-analytics-platform\node_modules\next\dist\server\lib\start-server.js
    at Module.<anonymous> (node:internal/modules/cjs/loader:1500:15)
    at C:\Users\ujaan\Documents\GitHub\frammer-ai-analytics-platform\node_modules\next\dist\server\require-hook.js:55:36
    at wrapResolveFilename (node:internal/modules/cjs/loader:1071:27)
    at defaultResolveImplForCJSLoading (node:internal/modules/cjs/loader:1095:10)
    at resolveForCJSWithHooks (node:internal/modules/cjs/loader:1116:12)
    at Module._load (node:internal/modules/cjs/loader:1285:25)
    at wrapModuleLoad (node:internal/modules/cjs/loader:255:19)
    at Module.<anonymous> (node:internal/modules/cjs/loader:1600:12)
    at mod.require (C:\Users\ujaan\Documents\GitHub\frammer-ai-analytics-platform\node_modules\next\dist\server\require-hook.js:65:28)
    at require (node:internal/modules/helpers:153:16)
    at __webpack_require__.f.require (C:\Users\ujaan\Documents\GitHub\frammer-ai-analytics-platform\apps\web\.next\server\webpack-runtime.js:208:28)
    at C:\Users\ujaan\Documents\GitHub\frammer-ai-analytics-platform\apps\web\.next\server\webpack-runtime.js:116:40
    at Array.reduce (<anonymous>)
    at __webpack_require__.e (C:\Users\ujaan\Documents\GitHub\frammer-ai-analytics-platform\apps\web\.next\server\webpack-runtime.js:115:67)
    at Array.map (<anonymous>)
    at __webpack_require__.X (C:\Users\ujaan\Documents\GitHub\frammer-ai-analytics-platform\apps\web\.next\server\webpack-runtime.js:167:22)
    at C:\Users\ujaan\Documents\GitHub\frammer-ai-analytics-platform\apps\web\.next\server\app\api\analytics\widget-data\route.js:1:9676
    at Object.<anonymous> (C:\Users\ujaan\Documents\GitHub\frammer-ai-analytics-platform\apps\web\.next\server\app\api\analytics\widget-data\route.js:1:9722)
    at Module._compile (node:internal/modules/cjs/loader:1854:14)
    at Object..js (node:internal/modules/cjs/loader:1985:10)
    at Module.load (node:internal/modules/cjs/loader:1577:32)
    at Module._load (node:internal/modules/cjs/loader:1379:12)
    at wrapModuleLoad (node:internal/modules/cjs/loader:255:19)
    at Module.<anonymous> (node:internal/modules/cjs/loader:1600:12)
    at mod.require (C:\Users\ujaan\Documents\GitHub\frammer-ai-analytics-platform\node_modules\next\dist\server\require-hook.js:65:28)
    at require (node:internal/modules/helpers:153:16)
    at requirePage (C:\Users\ujaan\Documents\GitHub\frammer-ai-analytics-platform\node_modules\next\dist\server\require.js:109:84)
    at C:\Users\ujaan\Documents\GitHub\frammer-ai-analytics-platform\node_modules\next\dist\server\load-components.js:98:84
    at async loadComponentsImpl (C:\Users\ujaan\Documents\GitHub\frammer-ai-analytics-platform\node_modules\next\dist\server\load-components.js:98:26)
    at async DevServer.findPageComponentsImpl (C:\Users\ujaan\Documents\GitHub\frammer-ai-analytics-platform\node_modules\next\dist\server\next-server.js:709:36)
    at async DevServer.findPageComponents (C:\Users\ujaan\Documents\GitHub\frammer-ai-analytics-platform\node_modules\next\dist\server\dev\next-dev-server.js:577:20)
    at async DevServer.renderPageComponent (C:\Users\ujaan\Documents\GitHub\frammer-ai-analytics-platform\node_modules\next\dist\server\base-server.js:1897:24)
    at async DevServer.renderToResponseImpl (C:\Users\ujaan\Documents\GitHub\frammer-ai-analytics-platform\node_modules\next\dist\server\base-server.js:1949:32)
    at async DevServer.pipeImpl (C:\Users\ujaan\Documents\GitHub\frammer-ai-analytics-platform\node_modules\next\dist\server\base-server.js:921:25)
    at async NextNodeServer.handleCatchallRenderRequest (C:\Users\ujaan\Documents\GitHub\frammer-ai-analytics-platform\node_modules\next\dist\server\next-server.js:272:17)
    at async DevServer.handleRequestImpl (C:\Users\ujaan\Documents\GitHub\frammer-ai-analytics-platform\node_modules\next\dist\server\base-server.js:817:17)
    at async C:\Users\ujaan\Documents\GitHub\frammer-ai-analytics-platform\node_modules\next\dist\server\dev\next-dev-server.js:339:20
    at async Span.traceAsyncFn (C:\Users\ujaan\Documents\GitHub\frammer-ai-analytics-platform\node_modules\next\dist\trace\trace.js:154:20)
    at async DevServer.handleRequest (C:\Users\ujaan\Documents\GitHub\frammer-ai-analytics-platform\node_modules\next\dist\server\dev\next-dev-server.js:336:24)
    at async invokeRender (C:\Users\ujaan\Documents\GitHub\frammer-ai-analytics-platform\node_modules\next\dist\server\lib\router-server.js:173:21)
    at async handleRequest (C:\Users\ujaan\Documents\GitHub\frammer-ai-analytics-platform\node_modules\next\dist\server\lib\router-server.js:350:24)
    at async requestHandlerImpl (C:\Users\ujaan\Documents\GitHub\frammer-ai-analytics-platform\node_modules\next\dist\server\lib\router-server.js:374:13)
    at async Server.requestListener (C:\Users\ujaan\Documents\GitHub\frammer-ai-analytics-platform\node_modules\next\dist\server\lib\start-server.js:141:13) {
  code: 'MODULE_NOT_FOUND',
  requireStack: [
    'C:\\Users\\ujaan\\Documents\\GitHub\\frammer-ai-analytics-platform\\apps\\web\\.next\\server\\webpack-runtime.js',
    'C:\\Users\\ujaan\\Documents\\GitHub\\frammer-ai-analytics-platform\\apps\\web\\.next\\server\\app\\_not-found\\page.js',
    'C:\\Users\\ujaan\\Documents\\GitHub\\frammer-ai-analytics-platform\\node_modules\\next\\dist\\server\\require.js',
    'C:\\Users\\ujaan\\Documents\\GitHub\\frammer-ai-analytics-platform\\node_modules\\next\\dist\\server\\load-components.js',
    'C:\\Users\\ujaan\\Documents\\GitHub\\frammer-ai-analytics-platform\\node_modules\\next\\dist\\build\\utils.js',
    'C:\\Users\\ujaan\\Documents\\GitHub\\frammer-ai-analytics-platform\\node_modules\\next\\dist\\server\\dev\\hot-middleware.js',
    'C:\\Users\\ujaan\\Documents\\GitHub\\frammer-ai-analytics-platform\\node_modules\\next\\dist\\server\\dev\\hot-reloader-webpack.js',
    'C:\\Users\\ujaan\\Documents\\GitHub\\frammer-ai-analytics-platform\\node_modules\\next\\dist\\server\\lib\\router-utils\\setup-dev-bundler.js',
    'C:\\Users\\ujaan\\Documents\\GitHub\\frammer-ai-analytics-platform\\node_modules\\next\\dist\\server\\lib\\router-server.js',
    'C:\\Users\\ujaan\\Documents\\GitHub\\frammer-ai-analytics-platform\\node_modules\\next\\dist\\server\\lib\\start-server.js'
  ],
  page: '/api/analytics/widget-data'
}
 ⨯ Error: Cannot find module './193.js'
Require stack:
- C:\Users\ujaan\Documents\GitHub\frammer-ai-analytics-platform\apps\web\.next\server\webpack-runtime.js
- C:\Users\ujaan\Documents\GitHub\frammer-ai-analytics-platform\apps\web\.next\server\app\_not-found\page.js
- C:\Users\ujaan\Documents\GitHub\frammer-ai-analytics-platform\node_modules\next\dist\server\require.js
- C:\Users\ujaan\Documents\GitHub\frammer-ai-analytics-platform\node_modules\next\dist\server\load-components.js
- C:\Users\ujaan\Documents\GitHub\frammer-ai-analytics-platform\node_modules\next\dist\build\utils.js
- C:\Users\ujaan\Documents\GitHub\frammer-ai-analytics-platform\node_modules\next\dist\server\dev\hot-middleware.js
- C:\Users\ujaan\Documents\GitHub\frammer-ai-analytics-platform\node_modules\next\dist\server\dev\hot-reloader-webpack.js
- C:\Users\ujaan\Documents\GitHub\frammer-ai-analytics-platform\node_modules\next\dist\server\lib\router-utils\setup-dev-bundler.js
- C:\Users\ujaan\Documents\GitHub\frammer-ai-analytics-platform\node_modules\next\dist\server\lib\router-server.js
- C:\Users\ujaan\Documents\GitHub\frammer-ai-analytics-platform\node_modules\next\dist\server\lib\start-server.js
    at Module.<anonymous> (node:internal/modules/cjs/loader:1500:15)
    at C:\Users\ujaan\Documents\GitHub\frammer-ai-analytics-platform\node_modules\next\dist\server\require-hook.js:55:36
    at wrapResolveFilename (node:internal/modules/cjs/loader:1071:27)
    at defaultResolveImplForCJSLoading (node:internal/modules/cjs/loader:1095:10)
    at resolveForCJSWithHooks (node:internal/modules/cjs/loader:1116:12)
    at Module._load (node:internal/modules/cjs/loader:1285:25)
    at wrapModuleLoad (node:internal/modules/cjs/loader:255:19)
    at Module.<anonymous> (node:internal/modules/cjs/loader:1600:12)
    at mod.require (C:\Users\ujaan\Documents\GitHub\frammer-ai-analytics-platform\node_modules\next\dist\server\require-hook.js:65:28)
    at require (node:internal/modules/helpers:153:16)
    at __webpack_require__.f.require (C:\Users\ujaan\Documents\GitHub\frammer-ai-analytics-platform\apps\web\.next\server\webpack-runtime.js:208:28)
    at C:\Users\ujaan\Documents\GitHub\frammer-ai-analytics-platform\apps\web\.next\server\webpack-runtime.js:116:40
    at Array.reduce (<anonymous>)
    at __webpack_require__.e (C:\Users\ujaan\Documents\GitHub\frammer-ai-analytics-platform\apps\web\.next\server\webpack-runtime.js:115:67)
    at Array.map (<anonymous>)
    at __webpack_require__.X (C:\Users\ujaan\Documents\GitHub\frammer-ai-analytics-platform\apps\web\.next\server\webpack-runtime.js:167:22)
    at C:\Users\ujaan\Documents\GitHub\frammer-ai-analytics-platform\apps\web\.next\server\app\api\analytics\warehouse\query\route.js:1:2096
    at Object.<anonymous> (C:\Users\ujaan\Documents\GitHub\frammer-ai-analytics-platform\apps\web\.next\server\app\api\analytics\warehouse\query\route.js:1:2142)
    at Module._compile (node:internal/modules/cjs/loader:1854:14)
    at Object..js (node:internal/modules/cjs/loader:1985:10)
    at Module.load (node:internal/modules/cjs/loader:1577:32)
    at Module._load (node:internal/modules/cjs/loader:1379:12)
    at wrapModuleLoad (node:internal/modules/cjs/loader:255:19)
    at Module.<anonymous> (node:internal/modules/cjs/loader:1600:12)
    at mod.require (C:\Users\ujaan\Documents\GitHub\frammer-ai-analytics-platform\node_modules\next\dist\server\require-hook.js:65:28)
    at require (node:internal/modules/helpers:153:16)
    at requirePage (C:\Users\ujaan\Documents\GitHub\frammer-ai-analytics-platform\node_modules\next\dist\server\require.js:109:84)
    at C:\Users\ujaan\Documents\GitHub\frammer-ai-analytics-platform\node_modules\next\dist\server\load-components.js:98:84
    at async loadComponentsImpl (C:\Users\ujaan\Documents\GitHub\frammer-ai-analytics-platform\node_modules\next\dist\server\load-components.js:98:26)
    at async DevServer.findPageComponentsImpl (C:\Users\ujaan\Documents\GitHub\frammer-ai-analytics-platform\node_modules\next\dist\server\next-server.js:709:36)
    at async DevServer.findPageComponents (C:\Users\ujaan\Documents\GitHub\frammer-ai-analytics-platform\node_modules\next\dist\server\dev\next-dev-server.js:577:20)
    at async DevServer.renderPageComponent (C:\Users\ujaan\Documents\GitHub\frammer-ai-analytics-platform\node_modules\next\dist\server\base-server.js:1897:24)
    at async DevServer.renderToResponseImpl (C:\Users\ujaan\Documents\GitHub\frammer-ai-analytics-platform\node_modules\next\dist\server\base-server.js:1949:32)
    at async DevServer.pipeImpl (C:\Users\ujaan\Documents\GitHub\frammer-ai-analytics-platform\node_modules\next\dist\server\base-server.js:921:25)
    at async NextNodeServer.handleCatchallRenderRequest (C:\Users\ujaan\Documents\GitHub\frammer-ai-analytics-platform\node_modules\next\dist\server\next-server.js:272:17)
    at async DevServer.handleRequestImpl (C:\Users\ujaan\Documents\GitHub\frammer-ai-analytics-platform\node_modules\next\dist\server\base-server.js:817:17)
    at async C:\Users\ujaan\Documents\GitHub\frammer-ai-analytics-platform\node_modules\next\dist\server\dev\next-dev-server.js:339:20
    at async Span.traceAsyncFn (C:\Users\ujaan\Documents\GitHub\frammer-ai-analytics-platform\node_modules\next\dist\trace\trace.js:154:20)
    at async DevServer.handleRequest (C:\Users\ujaan\Documents\GitHub\frammer-ai-analytics-platform\node_modules\next\dist\server\dev\next-dev-server.js:336:24)
    at async invokeRender (C:\Users\ujaan\Documents\GitHub\frammer-ai-analytics-platform\node_modules\next\dist\server\lib\router-server.js:173:21)
    at async handleRequest (C:\Users\ujaan\Documents\GitHub\frammer-ai-analytics-platform\node_modules\next\dist\server\lib\router-server.js:350:24)
    at async requestHandlerImpl (C:\Users\ujaan\Documents\GitHub\frammer-ai-analytics-platform\node_modules\next\dist\server\lib\router-server.js:374:13)
    at async Server.requestListener (C:\Users\ujaan\Documents\GitHub\frammer-ai-analytics-platform\node_modules\next\dist\server\lib\start-server.js:141:13) {
  code: 'MODULE_NOT_FOUND',
  requireStack: [
    'C:\\Users\\ujaan\\Documents\\GitHub\\frammer-ai-analytics-platform\\apps\\web\\.next\\server\\webpack-runtime.js',
    'C:\\Users\\ujaan\\Documents\\GitHub\\frammer-ai-analytics-platform\\apps\\web\\.next\\server\\app\\_not-found\\page.js',
    'C:\\Users\\ujaan\\Documents\\GitHub\\frammer-ai-analytics-platform\\node_modules\\next\\dist\\server\\require.js',
    'C:\\Users\\ujaan\\Documents\\GitHub\\frammer-ai-analytics-platform\\node_modules\\next\\dist\\server\\load-components.js',
    'C:\\Users\\ujaan\\Documents\\GitHub\\frammer-ai-analytics-platform\\node_modules\\next\\dist\\build\\utils.js',
    'C:\\Users\\ujaan\\Documents\\GitHub\\frammer-ai-analytics-platform\\node_modules\\next\\dist\\server\\dev\\hot-middleware.js',
    'C:\\Users\\ujaan\\Documents\\GitHub\\frammer-ai-analytics-platform\\node_modules\\next\\dist\\server\\dev\\hot-reloader-webpack.js',
    'C:\\Users\\ujaan\\Documents\\GitHub\\frammer-ai-analytics-platform\\node_modules\\next\\dist\\server\\lib\\router-utils\\setup-dev-bundler.js',
    'C:\\Users\\ujaan\\Documents\\GitHub\\frammer-ai-analytics-platform\\node_modules\\next\\dist\\server\\lib\\router-server.js',
    'C:\\Users\\ujaan\\Documents\\GitHub\\frammer-ai-analytics-platform\\node_modules\\next\\dist\\server\\lib\\start-server.js'
  ],
  page: '/api/analytics/warehouse/query'
}
